Date,BA,HON,LMT,TMO,CAT,DHR,GD,NOC,ILMN,DE,JNJ,PFE,UNH,MRK,ABBV,AMGN,ABT,LLY,MMM,BMY
2017-12-29,294.9100036621094,146.98779296875,321.04998779296875,189.8800048828125,157.5800018310547,92.81999969482422,203.4499969482422,306.9100036621094,218.49000549316406,156.50999450683594,139.72000122070312,34.36432647705078,220.4600067138672,53.6927490234375,96.70999908447266,173.89999389648438,57.06999969482422,84.45999908447266,235.3699951171875,61.279998779296875
2018-01-02,296.8399963378906,147.3232421875,318.5400085449219,192.97999572753906,157.0399932861328,92.44000244140625,200.49000549316406,305.239990234375,224.02999877929688,158.00999450683594,139.22999572753906,34.573055267333984,221.16000366210938,53.64503860473633,98.41000366210938,177.0,58.790000915527344,84.68000030517578,235.63999938964844,61.310001373291016
2018-01-03,297.79998779296875,146.10601806640625,321.2099914550781,196.52000427246094,157.27999877929688,93.66999816894531,201.74000549316406,306.6499938964844,230.32000732421875,158.72999572753906,140.55999755859375,34.8292236328125,223.47999572753906,53.568702697753906,99.94999694824219,180.33999633789062,58.91999816894531,85.13999938964844,235.6300048828125,61.36000061035156
2018-01-04,296.6700134277344,148.08041381835938,326.7200012207031,198.97999572753906,159.44000244140625,94.12000274658203,205.2100067138672,308.54998779296875,232.99000549316406,159.63999938964844,140.5500030517578,34.90512466430664,224.4499969482422,54.4370231628418,99.37999725341797,179.5800018310547,58.81999969482422,85.5199966430664,238.7100067138672,61.75
2018-01-05,308.8399963378906,149.11553955078125,329.67999267578125,202.38999938964844,161.9600067138672,94.70999908447266,204.6999969482422,308.2200012207031,228.1699981689453,160.32000732421875,141.7100067138672,34.97153854370117,228.72999572753906,54.3797721862793,101.11000061035156,180.64999389648438,58.9900016784668,86.56999969482422,240.57000732421875,61.88999938964844
2018-01-08,310.1499938964844,148.31044006347656,328.1600036621094,202.72000122070312,166.02999877929688,95.25,204.6999969482422,308.260009765625,227.05999755859375,161.11000061035156,141.88999938964844,34.582542419433594,224.75999450683594,54.064884185791016,99.48999786376953,180.60000610351562,58.81999969482422,86.12999725341797,239.7899932861328,61.90999984741211
2018-01-09,318.42999267578125,149.52767944335938,330.510009765625,206.10000610351562,166.42999267578125,98.61000061035156,205.8800048828125,310.3900146484375,242.8000030517578,165.60000610351562,144.13999938964844,34.544593811035156,225.8800048828125,54.1984748840332,100.23999786376953,183.3800048828125,58.91999816894531,86.05999755859375,241.27999877929688,61.849998474121094
2018-01-10,320.260009765625,150.56280517578125,331.04998779296875,206.2899932861328,165.8699951171875,98.23999786376953,204.75,307.6099853515625,242.58999633789062,164.94000244140625,143.97000122070312,34.60151672363281,224.1999969482422,54.67557144165039,99.69000244140625,182.86000061035156,58.83000183105469,86.0999984741211,241.13999938964844,62.0099983215332
2018-01-11,328.1199951171875,151.35830688476562,331.1300048828125,208.66000366210938,169.1999969482422,98.58999633789062,205.50999450683594,309.54998779296875,240.0399932861328,167.4600067138672,144.7899932861328,34.68690872192383,225.38999938964844,54.961830139160156,99.2699966430664,181.9600067138672,58.95000076293945,86.38999938964844,242.30999755859375,62.470001220703125
2018-01-12,336.2099914550781,152.4605255126953,336.25,210.1699981689453,170.3000030517578,99.38999938964844,210.58999633789062,315.1499938964844,244.72000122070312,169.3000030517578,145.75999450683594,34.667930603027344,228.63999938964844,55.97328186035156,100.33999633789062,185.0399932861328,58.84000015258789,86.9800033569336,244.47000122070312,62.810001373291016
2018-01-16,335.1600036621094,151.32955932617188,330.1099853515625,208.00999450683594,169.30999755859375,99.47000122070312,206.3300018310547,312.5400085449219,241.4199981689453,167.5399932861328,146.86000061035156,34.724857330322266,232.89999389648438,59.22710037231445,102.48999786376953,185.5399932861328,58.439998626708984,85.29000091552734,244.74000549316406,59.91999816894531
2018-01-17,351.010009765625,151.8279571533203,334.8599853515625,211.47999572753906,168.5,99.58999633789062,208.52000427246094,317.510009765625,242.0500030517578,167.42999267578125,146.97999572753906,35.275142669677734,238.42999267578125,59.18893051147461,104.36000061035156,188.00999450683594,58.9900016784668,86.20999908447266,248.11000061035156,61.849998474121094
2018-01-18,340.1600036621094,151.22413635253906,333.0,212.41000366210938,168.8300018310547,99.73999786376953,207.8000030517578,314.29998779296875,241.30999755859375,167.89999389648438,146.9199981689453,35.09487533569336,243.16000366210938,58.33015441894531,103.80999755859375,187.58999633789062,59.06999969482422,85.81999969482422,245.91000366210938,61.83000183105469
2018-01-19,337.7300109863281,152.0963134765625,332.0,213.50999450683594,170.41000366210938,100.55999755859375,209.10000610351562,316.3699951171875,243.5500030517578,170.32000732421875,147.36000061035156,35.04743957519531,243.35000610351562,58.47328186035156,104.63999938964844,189.27999877929688,59.310001373291016,85.48999786376953,248.17999267578125,62.279998779296875
2018-01-22,338.0,151.9525604248047,329.0,215.32000732421875,170.88999938964844,99.97000122070312,208.1999969482422,315.1400146484375,245.19000244140625,170.3800048828125,148.13999938964844,35.0379524230957,243.55999755859375,58.44465637207031,106.48999786376953,192.3300018310547,59.56999969482422,85.44000244140625,247.3000030517578,63.279998779296875
2018-01-23,335.5899963378906,152.95892333984375,328.70001220703125,214.5500030517578,169.42999267578125,99.94999694824219,207.47999572753906,313.4800109863281,242.94000244140625,168.66000366210938,141.8300018310547,34.93358612060547,245.2100067138672,58.874046325683594,105.37999725341797,191.99000549316406,59.22999954223633,84.41999816894531,246.30999755859375,63.43000030517578
2018-01-24,334.69000244140625,153.32313537597656,330.489990234375,215.32000732421875,168.33999633789062,101.37999725341797,219.27000427246094,313.4599914550781,242.49000549316406,169.60000610351562,142.07000732421875,35.0379524230957,244.85000610351562,58.377864837646484,105.51000213623047,190.6300048828125,61.720001220703125,84.30000305175781,247.69000244140625,63.7599983215332
2018-01-25,343.1099853515625,155.1154327392578,334.7200012207031,217.8800048828125,169.3699951171875,102.69999694824219,226.52999877929688,325.0,243.38999938964844,169.1300048828125,144.39999389648438,35.32258224487305,245.17999267578125,58.492366790771484,108.30000305175781,190.0800018310547,63.220001220703125,85.01000213623047,252.36000061035156,63.52000045776367
2018-01-26,343.2200012207031,158.13455200195312,344.8999938964844,219.77999877929688,167.05999755859375,103.80000305175781,226.24000549316406,335.55999755859375,244.8300018310547,171.49000549316406,145.3300018310547,37.01138687133789,248.47000122070312,59.1984748840332,123.20999908447266,196.00999450683594,63.41999816894531,87.08000183105469,258.6300048828125,64.25
2018-01-29,340.82000732421875,154.76080322265625,351.4200134277344,218.80999755859375,162.5800018310547,103.69000244140625,225.5,338.3399963378906,241.77999877929688,169.17999267578125,143.67999267578125,37.0208740234375,247.41000366210938,58.8072509765625,122.30999755859375,198.0,63.310001373291016,87.5999984741211,256.010009765625,64.43000030517578
2018-01-30,337.7099914550781,152.36468505859375,350.3900146484375,214.6199951171875,163.75999450683594,101.5999984741211,224.27999877929688,339.4599914550781,241.17999267578125,168.50999450683594,142.42999267578125,35.86337661743164,236.64999389648438,57.872135162353516,115.87999725341797,191.27000427246094,62.439998626708984,86.08999633789062,251.5399932861328,63.959999084472656
2018-01-31,354.3699951171875,153.0355987548828,354.8500061035156,224.11000061035156,162.77999877929688,101.27999877929688,222.47999572753906,340.5299987792969,232.63999938964844,166.4199981689453,138.19000244140625,35.14231491088867,236.77999877929688,56.536258697509766,112.22000122070312,186.0500030517578,62.15999984741211,81.44999694824219,250.5,62.599998474121094
2018-02-01,356.94000244140625,153.0164337158203,357.3800048828125,222.36000061035156,162.24000549316406,101.86000061035156,225.2100067138672,342.8599853515625,230.2899932861328,167.85000610351562,140.02000427246094,34.94307327270508,235.22000122070312,57.11832046508789,116.33999633789062,185.55999755859375,62.18000030517578,82.41000366210938,247.94000244140625,62.79999923706055
2018-02-02,348.9100036621094,150.14108276367188,352.6600036621094,217.69000244140625,157.49000549316406,102.18000030517578,221.72000122070312,336.7900085449219,220.17999267578125,164.9600067138672,137.67999267578125,34.734344482421875,231.8800048828125,55.877864837646484,115.16999816894531,187.00999450683594,61.689998626708984,81.18000030517578,245.1699981689453,63.47999954223633
2018-02-05,328.8800048828125,143.93032836914062,336.4599914550781,208.30999755859375,151.0800018310547,96.69999694824219,211.22000122070312,322.3699951171875,213.0,157.02000427246094,130.38999938964844,32.89373779296875,220.02000427246094,53.816795349121094,109.51000213623047,174.75,58.72999954223633,77.48999786376953,231.44000244140625,60.959999084472656
2018-02-06,340.9100036621094,145.10922241210938,337.5899963378906,209.47999572753906,156.41000366210938,97.05000305175781,212.4600067138672,327.5,220.8000030517578,161.8800048828125,131.8300018310547,33.47248458862305,225.17999267578125,52.91984558105469,111.19999694824219,176.64999389648438,58.86000061035156,77.98999786376953,233.6300048828125,60.900001525878906
2018-02-07,348.1199951171875,144.90794372558594,345.42999267578125,207.5500030517578,154.33999633789062,95.25,214.9499969482422,337.6600036621094,221.1999969482422,161.44000244140625,131.4199981689453,33.1878547668457,225.82000732421875,53.32061004638672,113.62000274658203,177.47000122070312,58.66999816894531,76.72000122070312,233.19000244140625,62.630001068115234
2018-02-08,329.6600036621094,139.95277404785156,334.29998779296875,198.72999572753906,145.99000549316406,92.16000366210938,206.0500030517578,324.010009765625,209.5399932861328,153.66000366210938,126.36000061035156,31.907020568847656,216.4600067138672,52.22328186035156,108.4800033569336,173.1199951171875,56.27000045776367,74.20999908447266,222.88999938964844,62.689998626708984
2018-02-09,332.8299865722656,141.75465393066406,341.4200134277344,200.17999267578125,149.2100067138672,94.45999908447266,212.10000610351562,332.69000244140625,217.19000244140625,154.92999267578125,129.52999877929688,32.40986633300781,220.9600067138672,52.356868743896484,111.30000305175781,173.4600067138672,57.16999816894531,76.2300033569336,225.2100067138672,62.70000076293945
2018-02-12,343.79998779296875,143.25941467285156,345.80999755859375,204.50999450683594,152.2899932861328,95.41000366210938,209.52999877929688,337.44000244140625,221.02999877929688,159.2100067138672,130.27000427246094,32.88425064086914,225.69000244140625,52.89122009277344,111.93000030517578,174.8699951171875,57.40999984741211,76.25,229.19000244140625,63.15999984741211
2018-02-13,343.1600036621094,142.32972717285156,350.2300109863281,203.5,153.97000122070312,94.9800033569336,211.80999755859375,343.3599853515625,220.44000244140625,161.3000030517578,129.9600067138672,33.149906158447266,226.63999938964844,52.385494232177734,111.86000061035156,175.94000244140625,57.63999938964844,76.20999908447266,231.36000061035156,63.869998931884766
2018-02-14,344.8500061035156,144.13160705566406,354.6600036621094,208.30999755859375,158.05999755859375,96.0999984741211,218.25,349.6199951171875,223.11000061035156,163.27999877929688,129.6699981689453,33.3870964050293,228.77999877929688,52.385494232177734,113.08000183105469,179.52000427246094,58.279998779296875,77.02999877929688,232.0,65.3499984741211
2018-02-15,356.4599914550781,147.0452880859375,361.0,210.72000122070312,159.97999572753906,97.47000122070312,225.39999389648438,356.9100036621094,229.1300048828125,166.80999755859375,131.22999572753906,33.880455017089844,226.02000427246094,53.42557144165039,114.9000015258789,183.60000610351562,59.5,78.0199966430664,234.8699951171875,68.9800033569336
2018-02-16,355.0400085449219,147.62994384765625,360.5299987792969,210.61000061035156,156.2899932861328,97.54000091552734,224.19000244140625,356.0,229.1999969482422,169.44000244140625,133.14999389648438,34.402278900146484,229.3699951171875,53.711830139160156,118.5999984741211,183.5500030517578,60.16999816894531,78.97000122070312,236.6699981689453,68.95999908447266
2018-02-20,353.3500061035156,147.92706298828125,358.69000244140625,207.83999633789062,155.55999755859375,96.8499984741211,221.8300018310547,350.3599853515625,226.57000732421875,164.77000427246094,130.8699951171875,34.16508483886719,226.66000366210938,52.461830139160156,117.9800033569336,182.97999572753906,59.119998931884766,77.55000305175781,235.07000732421875,67.3499984741211
2018-02-21,352.3699951171875,147.64910888671875,357.05999755859375,209.7899932861328,155.22999572753906,97.3499984741211,220.75,350.82000732421875,227.91000366210938,162.08999633789062,129.91000366210938,33.927894592285156,225.1300048828125,52.0515251159668,117.91000366210938,182.42999267578125,58.9900016784668,77.55000305175781,232.17999267578125,66.52999877929688
2018-02-22,355.9200134277344,146.9398651123047,355.4100036621094,209.1300048828125,158.86000061035156,97.36000061035156,220.13999938964844,348.6300048828125,226.74000549316406,164.16000366210938,129.91000366210938,33.90891647338867,227.08999633789062,52.07061004638672,117.55999755859375,182.4499969482422,58.9900016784668,77.19000244140625,236.0,65.94000244140625
2018-02-23,356.6600036621094,148.67465209960938,358.69000244140625,211.7100067138672,162.41000366210938,99.33000183105469,221.0,351.510009765625,233.83999633789062,166.24000549316406,132.02000427246094,34.402278900146484,230.16000366210938,52.356868743896484,118.75,186.6699981689453,59.709999084472656,78.75,237.02000427246094,67.94999694824219
2018-02-26,363.4800109863281,149.997314453125,358.70001220703125,214.07000732421875,163.69000244140625,100.83000183105469,226.77999877929688,355.0899963378906,233.42999267578125,167.4600067138672,132.07000732421875,35.189754486083984,234.05999755859375,53.492366790771484,121.54000091552734,188.5,60.529998779296875,80.18000030517578,244.13999938964844,68.62999725341797
2018-02-27,364.6400146484375,147.52452087402344,358.1700134277344,210.67999267578125,161.25999450683594,99.56999969482422,223.88999938964844,353.6600036621094,229.72999572753906,163.5800018310547,131.6699981689453,34.91461181640625,232.52000427246094,52.213741302490234,118.26000213623047,185.7899932861328,60.54999923706055,78.69999694824219,240.77999877929688,67.83999633789062
2018-02-28,362.2099914550781,144.83126831054688,352.44000244140625,208.5800018310547,154.6300048828125,97.77999877929688,222.4499969482422,350.0400085449219,228.02000427246094,160.8699951171875,129.8800048828125,34.44971466064453,226.16000366210938,51.73664093017578,115.83000183105469,183.77000427246094,60.33000183105469,77.0199966430664,235.50999450683594,66.19999694824219
2018-03-01,349.69000244140625,141.09332275390625,339.69000244140625,205.2100067138672,150.22999572753906,95.98999786376953,219.14999389648438,339.5400085449219,224.5399932861328,156.80999755859375,127.27999877929688,33.8045539855957,224.4499969482422,51.24045944213867,113.83999633789062,183.2899932861328,58.790000915527344,76.5,231.33999633789062,65.69000244140625
2018-03-02,344.6700134277344,141.98468017578125,341.7200012207031,206.44000244140625,146.3800048828125,96.22000122070312,223.33999633789062,343.04998779296875,229.19000244140625,153.30999755859375,128.82000732421875,34.108158111572266,225.19000244140625,51.8702278137207,115.04000091552734,185.0800018310547,59.459999084472656,77.2300033569336,230.3699951171875,66.16999816894531
2018-03-05,352.75,142.3393096923828,342.3599853515625,206.75999450683594,151.1199951171875,97.58000183105469,224.63999938964844,344.7900085449219,230.8800048828125,157.5399932861328,129.7899932861328,34.26945114135742,228.3800048828125,51.90839767456055,115.66000366210938,190.1300048828125,60.369998931884766,77.69999694824219,232.80999755859375,66.81999969482422
2018-03-06,348.9200134277344,143.12522888183594,339.5,210.1199951171875,153.75,97.75,224.80999755859375,341.8699951171875,235.75999450683594,158.50999450683594,128.22000122070312,34.041744232177734,226.17999267578125,51.8129768371582,114.55999755859375,190.35000610351562,60.880001068115234,77.19000244140625,233.66000366210938,65.47000122070312
2018-03-07,347.0400085449219,144.1603546142578,342.20001220703125,212.16000366210938,151.50999450683594,100.81999969482422,226.27999877929688,346.82000732421875,241.1999969482422,157.89999389648438,129.0399932861328,34.08918380737305,227.27000427246094,51.975189208984375,114.72000122070312,187.52999877929688,61.290000915527344,77.44000244140625,235.57000732421875,66.0999984741211
2018-03-08,348.7300109863281,144.9462890625,341.7799987792969,211.6999969482422,153.58999633789062,101.61000061035156,226.64999389648438,346.3599853515625,243.52000427246094,161.05999755859375,132.05999755859375,34.629981994628906,224.72999572753906,52.25190734863281,117.01000213623047,187.16000366210938,61.869998931884766,78.88999938964844,236.33999633789062,66.75
2018-03-09,354.5199890136719,147.80245971679688,340.489990234375,217.88999938964844,158.25,103.73999786376953,229.9499969482422,349.6400146484375,250.1199951171875,167.92999267578125,133.8000030517578,34.886146545410156,225.42999267578125,52.614505767822266,119.29000091552734,191.10000610351562,63.599998474121094,79.61000061035156,241.35000610351562,67.91999816894531
2018-03-12,344.19000244140625,145.9047393798828,333.1000061035156,217.49000549316406,154.5,103.4000015258789,224.63999938964844,344.7200012207031,253.1699981689453,164.02999877929688,132.6300048828125,34.734344482421875,222.77000427246094,52.82442855834961,118.30000305175781,189.3000030517578,63.619998931884766,79.04000091552734,239.8000030517578,67.44999694824219
2018-03-13,338.6700134277344,145.20506286621094,333.4599914550781,215.1199951171875,153.69000244140625,102.80000305175781,223.35000610351562,344.3299865722656,253.5399932861328,161.32000732421875,134.35000610351562,34.86717224121094,226.94000244140625,52.83396911621094,119.75,189.75,63.20000076293945,79.1500015258789,237.57000732421875,66.68000030517578
2018-03-14,330.260009765625,144.16995239257812,331.67999267578125,213.4600067138672,152.5399932861328,102.18000030517578,221.69000244140625,340.1000061035156,251.7899932861328,160.2100067138672,132.32000732421875,34.487667083740234,225.3800048828125,52.290077209472656,118.94000244140625,190.57000732421875,62.86000061035156,78.48999786376953,234.2899932861328,66.62999725341797
2018-03-15,329.9800109863281,144.79293823242188,333.2300109863281,212.4499969482422,154.57000732421875,102.22000122070312,222.60000610351562,340.82000732421875,251.61000061035156,159.60000610351562,133.05999755859375,34.70588302612305,229.47999572753906,52.71946716308594,114.93000030517578,189.75,62.59000015258789,78.75,235.8699951171875,66.25
2018-03-16,330.4700012207031,145.4734344482422,331.3999938964844,210.44000244140625,156.4600067138672,101.93000030517578,222.74000549316406,338.6300048828125,253.91000366210938,163.8800048828125,133.67999267578125,34.89563751220703,227.86000061035156,53.1202278137207,113.70999908447266,188.24000549316406,63.18000030517578,80.48999786376953,237.22000122070312,66.5999984741211
2018-03-19,331.760009765625,143.95909118652344,335.25,211.72000122070312,152.14999389648438,100.30999755859375,223.89999389648438,344.92999267578125,248.72999572753906,159.52999877929688,130.24000549316406,34.468692779541016,225.0500030517578,52.127864837646484,112.02999877929688,182.5500030517578,62.2599983215332,78.7300033569336,231.55999755859375,66.06999969482422
2018-03-20,337.6300048828125,144.22744750976562,335.6000061035156,214.72000122070312,154.05999755859375,100.55999755859375,225.3800048828125,347.5799865722656,252.64999389648438,159.99000549316406,131.2100067138672,34.468692779541016,226.77999877929688,52.13740539550781,112.6500015258789,182.02999877929688,62.650001525878906,78.37000274658203,232.4499969482422,66.43000030517578
2018-03-21,337.1000061035156,145.07089233398438,335.4700012207031,212.9600067138672,155.8000030517578,99.80999755859375,223.75,347.2200012207031,246.83999633789062,158.0500030517578,131.19000244140625,34.411766052246094,222.82000732421875,52.185115814208984,112.44999694824219,181.58999633789062,62.41999816894531,78.23999786376953,234.13999938964844,66.0999984741211
2018-03-22,319.6099853515625,140.77703857421875,327.1499938964844,207.3300018310547,146.89999389648438,97.48999786376953,218.3699951171875,338.8299865722656,241.1199951171875,151.5800018310547,127.37999725341797,33.776092529296875,215.2100067138672,51.64122009277344,98.0999984741211,176.0800018310547,60.93000030517578,76.52999877929688,223.1699981689453,63.95000076293945
2018-03-23,321.0,137.3266143798828,336.30999755859375,204.64999389648438,144.2899932861328,95.94000244140625,218.80999755859375,345.7699890136719,235.36000061035156,148.0,125.0999984741211,32.72296142578125,212.5500030517578,50.963741302490234,97.45999908447266,169.42999267578125,59.5,74.76000213623047,215.36000061035156,62.060001373291016
2018-03-26,328.9700012207031,140.83453369140625,343.92999267578125,209.67999267578125,149.19000244140625,98.16000366210938,223.47000122070312,355.2300109863281,242.27999877929688,153.33999633789062,127.38999938964844,33.244781494140625,219.07000732421875,51.564884185791016,95.27999877929688,175.19000244140625,61.06999969482422,76.18000030517578,220.24000549316406,63.400001525878906
2018-03-27,321.1199951171875,138.3425750732422,338.8500061035156,206.6199951171875,146.99000549316406,97.25,221.07000732421875,349.2900085449219,237.3699951171875,152.16000366210938,127.20999908447266,33.2163200378418,217.9600067138672,51.288169860839844,92.01000213623047,171.14999389648438,60.279998779296875,75.66000366210938,215.8699951171875,62.40999984741211
2018-03-28,320.0199890136719,137.3074493408203,335.3299865722656,205.9199981689453,145.16000366210938,96.5199966430664,217.27999877929688,344.7099914550781,234.99000549316406,151.47999572753906,127.44999694824219,33.49146270751953,218.5,52.566795349121094,94.2699966430664,170.4600067138672,59.22999954223633,77.01000213623047,216.5399932861328,62.56999969482422
2018-03-29,327.8800048828125,138.50550842285156,337.92999267578125,206.4600067138672,147.3800048828125,97.91000366210938,220.89999389648438,349.1199951171875,236.4199981689453,155.32000732421875,128.14999389648438,33.67172622680664,214.0,51.975189208984375,94.6500015258789,170.47999572753906,59.91999816894531,77.37000274658203,219.52000427246094,63.25
2018-04-02,322.44000244140625,136.51193237304688,333.0,203.13999938964844,143.88999938964844,96.0999984741211,218.8800048828125,345.5199890136719,229.92999267578125,151.82000732421875,124.55999755859375,33.254268646240234,217.1999969482422,50.83015441894531,91.45999908447266,166.0500030517578,58.209999084472656,75.69999694824219,212.6199951171875,62.0
2018-04-03,330.82000732421875,138.26589965820312,334.7099914550781,206.67999267578125,145.05999755859375,98.2300033569336,220.32000732421875,346.0400085449219,229.94000244140625,153.0399932861328,128.35000610351562,33.851993560791016,224.5800018310547,51.61259460449219,90.58999633789062,168.22000122070312,59.0,77.54000091552734,216.3300018310547,62.77000045776367
2018-04-04,327.44000244140625,138.82179260253906,341.7900085449219,209.32000732421875,145.17999267578125,99.05999755859375,218.5399932861328,353.44000244140625,237.77000427246094,148.57000732421875,130.41000366210938,34.27893829345703,228.7899932861328,52.04198455810547,92.94000244140625,173.52000427246094,59.459999084472656,78.5999984741211,217.55999755859375,62.97999954223633
2018-04-05,336.3999938964844,140.3169708251953,346.6499938964844,211.86000061035156,148.1300048828125,99.22000122070312,221.22000122070312,360.0299987792969,236.3699951171875,151.33999633789062,130.7100067138672,33.89942932128906,229.07000732421875,52.03244400024414,92.20999908447266,172.0,59.86000061035156,78.62000274658203,218.6699981689453,62.310001373291016
2018-04-06,326.1199951171875,136.80905151367188,334.6600036621094,205.55999755859375,142.99000549316406,96.66000366210938,215.74000549316406,351.7200012207031,228.1699981689453,145.38999938964844,128.10000610351562,33.36812210083008,223.9600067138672,50.91603088378906,89.77999877929688,168.13999938964844,57.56999969482422,76.8499984741211,212.25,60.880001068115234
2018-04-09,322.4800109863281,136.8953094482422,335.9100036621094,209.5500030517578,143.0800018310547,97.5999984741211,214.9600067138672,347.5899963378906,230.17999267578125,142.9600067138672,129.47999572753906,33.64326477050781,222.72999572753906,53.58778762817383,90.4800033569336,169.6199951171875,58.220001220703125,77.33999633789062,212.80999755859375,60.47999954223633
2018-04-10,334.8299865722656,139.5789794921875,339.3599853515625,215.19000244140625,148.08999633789062,99.5199966430664,214.4499969482422,346.739990234375,238.9199981689453,148.00999450683594,130.25,34.108158111572266,226.7899932861328,53.902671813964844,93.62000274658203,173.1300048828125,59.13999938964844,79.22000122070312,216.97999572753906,61.209999084472656
2018-04-11,327.3599853515625,138.28506469726562,339.44000244140625,212.7899932861328,146.7899932861328,98.41999816894531,216.32000732421875,346.6499938964844,237.6699981689453,144.41000366210938,129.6300048828125,33.956356048583984,221.89999389648438,53.625953674316406,93.63999938964844,172.41000366210938,58.45000076293945,78.7300033569336,214.3300018310547,60.18000030517578
2018-04-12,337.4800109863281,140.38406372070312,342.8800048828125,213.3300018310547,150.13999938964844,99.0,218.22000122070312,352.04998779296875,242.08999633789062,150.25999450683594,130.42999267578125,34.45920181274414,224.24000549316406,54.14122009277344,92.12000274658203,171.02000427246094,58.83000183105469,79.29000091552734,216.4199981689453,58.84000015258789
2018-04-13,329.2799987792969,140.04861450195312,342.6000061035156,214.35000610351562,150.22999572753906,99.23999786376953,218.41000366210938,350.6000061035156,241.44000244140625,149.97999572753906,130.6199951171875,34.45920181274414,224.27999877929688,54.5515251159668,91.83000183105469,171.47999572753906,58.4900016784668,79.72000122070312,215.52000427246094,58.650001525878906
2018-04-16,331.7699890136719,140.65243530273438,345.70001220703125,215.91000366210938,152.13999938964844,100.41999816894531,218.39999389648438,351.75,245.19000244140625,148.97999572753906,131.75999450683594,34.658443450927734,230.32000732421875,55.963741302490234,92.5999984741211,171.3800048828125,59.27000045776367,80.12000274658203,217.6999969482422,54.08000183105469
2018-04-17,336.7200012207031,142.5214080810547,349.1400146484375,218.22999572753906,153.30999755859375,101.69000244140625,221.41000366210938,355.0400085449219,248.47999572753906,149.14999389648438,130.5399932861328,34.468692779541016,238.5500030517578,56.55534362792969,93.58999633789062,174.8800048828125,59.79999923706055,79.91999816894531,220.08999633789062,52.380001068115234
2018-04-18,341.0,143.16357421875,351.1499938964844,219.52999877929688,155.9499969482422,102.4000015258789,225.49000549316406,357.70001220703125,250.0,149.77000427246094,127.72000122070312,34.6204948425293,236.39999389648438,56.22137451171875,94.31999969482422,175.11000061035156,59.52000045776367,79.72000122070312,219.52000427246094,52.29999923706055
2018-04-19,340.6400146484375,141.97509765625,353.3800048828125,216.99000549316406,155.6999969482422,101.5,224.97999572753906,358.0199890136719,245.83999633789062,148.10000610351562,127.55000305175781,34.658443450927734,235.75999450683594,55.95419692993164,93.01000213623047,172.92999267578125,59.880001068115234,79.75,218.85000610351562,51.61000061035156
2018-04-20,338.6700134277344,144.31370544433594,351.989990234375,215.88999938964844,153.25,101.33999633789062,223.11000061035156,355.9200134277344,244.60000610351562,146.9600067138672,126.66000366210938,34.75332260131836,235.05999755859375,56.135494232177734,92.5999984741211,171.55999755859375,59.189998626708984,79.05999755859375,217.75,51.16999816894531
2018-04-23,338.8399963378906,142.44473266601562,358.6000061035156,216.35000610351562,153.99000549316406,101.19999694824219,225.9600067138672,356.1199951171875,245.85000610351562,146.0399932861328,126.83000183105469,34.91461181640625,234.33999633789062,57.49045944213867,93.16999816894531,174.66000366210938,58.84000015258789,80.19999694824219,215.8800048828125,50.900001525878906
2018-04-24,329.05999755859375,141.1029052734375,336.489990234375,213.1699981689453,144.44000244140625,100.0999984741211,222.02000427246094,341.5199890136719,238.5,138.11000061035156,126.19000244140625,35.16128921508789,234.22000122070312,57.33778762817383,91.36000061035156,171.94000244140625,58.310001373291016,80.08999633789062,201.1300048828125,51.58000183105469
2018-04-25,342.8599853515625,140.94955444335938,329.5,214.47000122070312,145.19000244140625,100.48999786376953,214.52999877929688,332.6199951171875,231.19000244140625,138.0,126.76000213623047,34.800758361816406,234.89999389648438,56.89885330200195,91.87000274658203,174.8300018310547,58.650001525878906,81.13999938964844,198.83999633789062,51.7599983215332
2018-04-26,342.7900085449219,140.7003631591797,330.3999938964844,213.83999633789062,146.30999755859375,101.77999877929688,211.75,333.9599914550781,242.6300048828125,136.3300018310547,128.00999450683594,34.9620475769043,237.02999877929688,56.68893051147461,97.44000244140625,175.3699951171875,59.5,82.55000305175781,197.08999633789062,52.040000915527344
2018-04-27,340.8800048828125,140.824951171875,322.0299987792969,212.83999633789062,144.72000122070312,101.63999938964844,203.7100067138672,321.8500061035156,244.4499969482422,137.55999755859375,128.27000427246094,35.10436248779297,240.17999267578125,56.74618148803711,98.7300033569336,177.4600067138672,59.560001373291016,82.7300033569336,196.1199951171875,52.27000045776367
2018-04-30,333.55999755859375,138.66844177246094,320.8399963378906,210.35000610351562,144.36000061035156,100.31999969482422,201.30999755859375,322.0400085449219,240.92999267578125,135.3300018310547,126.48999786376953,34.734344482421875,236.39999389648438,56.17366409301758,96.55000305175781,174.47999572753906,58.130001068115234,81.06999969482422,194.38999938964844,52.130001068115234
2018-05-01,329.5400085449219,138.50550842285156,308.4599914550781,210.72000122070312,144.4199981689453,100.88999938964844,197.3000030517578,307.2200012207031,242.99000549316406,135.3699951171875,126.01000213623047,33.58633804321289,236.85000610351562,55.32442855834961,102.06999969482422,169.27999877929688,58.81999969482422,79.06999969482422,195.02000427246094,52.689998626708984
2018-05-02,324.19000244140625,137.03907775878906,305.70001220703125,208.83999633789062,143.86000061035156,99.55999755859375,195.67999267578125,307.1600036621094,240.5,134.75,123.5,33.10246658325195,233.4600067138672,54.67557144165039,100.37000274658203,169.42999267578125,57.849998474121094,78.83000183105469,194.5,51.5
2018-05-03,330.69000244140625,137.40328979492188,309.92999267578125,208.32000732421875,143.77999877929688,99.0,195.0,315.67999267578125,239.92999267578125,136.8699951171875,123.02999877929688,32.9791259765625,234.14999389648438,54.89503860473633,100.27999877929688,166.38999938964844,57.93000030517578,78.04000091552734,195.67999267578125,51.45000076293945
2018-05-04,334.42999267578125,137.91127014160156,311.44000244140625,210.07000732421875,146.3699951171875,100.19999694824219,195.07000732421875,313.8500061035156,244.82000732421875,137.3000030517578,124.19000244140625,33.05502700805664,235.89999389648438,55.10496139526367,100.16999816894531,167.97999572753906,58.7400016784668,78.4000015258789,199.36000061035156,51.33000183105469
2018-05-07,340.42999267578125,138.17005920410156,317.7099914550781,208.97999572753906,149.82000732421875,99.58000183105469,196.4499969482422,317.1300048828125,256.8900146484375,140.22000122070312,123.58999633789062,33.14041519165039,233.77999877929688,54.75190734863281,99.62999725341797,168.05999755859375,59.31999969482422,78.62999725341797,200.25999450683594,51.31999969482422
2018-05-08,338.3699951171875,138.2371368408203,324.19000244140625,208.07000732421875,149.92999267578125,99.18000030517578,199.6199951171875,329.2699890136719,256.1000061035156,142.07000732421875,122.61000061035156,33.1878547668457,232.02999877929688,54.16030502319336,99.4000015258789,168.49000549316406,58.709999084472656,78.87999725341797,201.74000549316406,50.529998779296875
2018-05-09,344.5,139.636474609375,326.1199951171875,208.69000244140625,152.61000061035156,99.54000091552734,201.0500030517578,327.5899963378906,262.5199890136719,145.16000366210938,123.51000213623047,33.36812210083008,229.2100067138672,55.29580307006836,101.18000030517578,169.63999938964844,59.400001525878906,79.2699966430664,203.4199981689453,51.09000015258789
2018-05-10,344.07000732421875,141.17958068847656,324.489990234375,213.82000732421875,153.97000122070312,101.16999816894531,201.6699981689453,326.4100036621094,264.9800109863281,146.61000061035156,125.3499984741211,33.244781494140625,233.7100067138672,55.40076446533203,102.8499984741211,170.77000427246094,60.560001373291016,80.86000061035156,205.02999877929688,51.150001525878906
2018-05-11,342.4599914550781,141.23709106445312,324.0400085449219,216.5500030517578,154.86000061035156,101.80999755859375,203.9199981689453,325.29998779296875,266.989990234375,147.32000732421875,127.23999786376953,33.68121337890625,238.27999877929688,56.95610809326172,104.18000030517578,173.88999938964844,61.2599983215332,82.44999694824219,205.16000366210938,51.86000061035156
2018-05-14,344.5899963378906,141.17958068847656,319.0799865722656,217.41000366210938,155.27999877929688,102.66999816894531,203.07000732421875,318.7200012207031,269.44000244140625,146.75,126.05999755859375,34.022769927978516,242.89999389648438,56.946563720703125,105.88999938964844,175.9600067138672,62.02000045776367,83.06999969482422,205.75999450683594,52.02000045776367
2018-05-15,342.1199951171875,141.22750854492188,319.7699890136719,209.0800018310547,152.58999633789062,100.23999786376953,201.64999389648438,319.9700012207031,263.75,145.52999877929688,125.12999725341797,33.861480712890625,239.5,56.488548278808594,104.18000030517578,172.33999633789062,60.540000915527344,82.20999908447266,202.41000366210938,52.29999923706055
2018-05-16,340.9700012207031,141.419189453125,319.3299865722656,210.6699981689453,153.8000030517578,100.69999694824219,200.5,321.1600036621094,268.8399963378906,147.35000610351562,125.3499984741211,33.851993560791016,241.72000122070312,57.01335906982422,105.04000091552734,173.8000030517578,60.77000045776367,81.18000030517578,200.2100067138672,52.209999084472656
2018-05-17,344.1400146484375,141.00706481933594,320.4200134277344,211.00999450683594,153.69000244140625,100.77999877929688,201.75999450683594,324.5199890136719,268.45001220703125,146.80999755859375,123.8499984741211,33.880455017089844,242.9600067138672,56.364505767822266,105.31999969482422,174.64999389648438,61.060001373291016,81.66000366210938,200.36000061035156,52.7400016784668
2018-05-18,351.2300109863281,142.17637634277344,320.45001220703125,214.94000244140625,155.7100067138672,101.25,202.52000427246094,329.0199890136719,269.6700134277344,155.25,124.23999786376953,33.81404113769531,244.63999938964844,56.431297302246094,105.9800033569336,176.3000030517578,61.709999084472656,82.06999969482422,198.9600067138672,52.709999084472656
2018-05-21,363.9200134277344,144.23703002929688,324.2799987792969,216.72999572753906,158.9199981689453,102.23999786376953,205.77000427246094,331.3599853515625,268.2900085449219,158.3300018310547,123.72000122070312,33.965843200683594,247.89999389648438,55.88740539550781,106.2300033569336,176.47000122070312,62.11000061035156,81.83000183105469,201.75999450683594,52.2400016784668
2018-05-22,355.0199890136719,144.6012420654297,317.1300048828125,217.86000061035156,156.1999969482422,101.41000366210938,204.3699951171875,324.5,270.79998779296875,155.08999633789062,122.91000366210938,33.88994216918945,245.17999267578125,55.77289962768555,106.2300033569336,178.36000061035156,61.38999938964844,82.22000122070312,198.97000122070312,52.34000015258789
2018-05-23,359.2099914550781,145.0325469970703,325.32000732421875,216.52000427246094,157.74000549316406,102.31999969482422,205.55999755859375,328.2300109863281,271.7300109863281,156.5800018310547,123.44999694824219,34.12713623046875,244.25999450683594,56.459922790527344,105.5999984741211,179.94000244140625,61.84000015258789,82.68000030517578,198.6699981689453,52.5
2018-05-24,359.0,144.80252075195312,326.3500061035156,215.97000122070312,157.6999969482422,102.29000091552734,208.72999572753906,332.80999755859375,270.8299865722656,158.17999267578125,122.25,34.051231384277344,242.72999572753906,56.421756744384766,103.13999938964844,177.9600067138672,62.5099983215332,82.70999908447266,199.41000366210938,52.689998626708984
2018-05-25,360.0899963378906,144.3999786376953,320.79998779296875,213.64999389648438,155.85000610351562,102.12999725341797,208.1199951171875,331.92999267578125,266.2200012207031,159.0,121.47000122070312,33.851993560791016,244.9499969482422,56.38358688354492,101.08000183105469,178.24000549316406,62.369998931884766,82.7699966430664,199.02999877929688,52.77000045776367
2018-05-29,352.4800109863281,142.0421905517578,317.20001220703125,208.97000122070312,153.6199951171875,100.55000305175781,201.80999755859375,326.4800109863281,266.32000732421875,155.00999450683594,119.4000015258789,33.870967864990234,242.1699981689453,55.725189208984375,99.47000122070312,177.44000244140625,61.29999923706055,82.44000244140625,195.74000549316406,52.27000045776367
2018-05-30,358.19000244140625,144.18911743164062,321.0400085449219,210.9499969482422,155.4600067138672,101.25,204.0399932861328,331.57000732421875,272.3900146484375,155.0800018310547,120.97000122070312,34.20303726196289,244.94000244140625,56.98473358154297,103.01000213623047,180.24000549316406,62.06999969482422,83.86000061035156,198.67999267578125,53.02000045776367
2018-05-31,352.1600036621094,141.7642364501953,314.5400085449219,208.27000427246094,151.91000366210938,99.27999877929688,201.7100067138672,327.25,272.44000244140625,149.50999450683594,119.62000274658203,34.08918380737305,241.50999450683594,56.803436279296875,98.94000244140625,179.6199951171875,61.529998779296875,85.04000091552734,197.22999572753906,52.619998931884766
2018-06-01,356.7200012207031,143.85365295410156,316.6300048828125,211.8300018310547,153.52000427246094,100.58999633789062,203.47000122070312,329.989990234375,276.3299865722656,153.38999938964844,121.26000213623047,34.39278793334961,243.35000610351562,57.786258697509766,98.05000305175781,183.57000732421875,62.40999984741211,84.8499984741211,199.58999633789062,53.130001068115234
2018-06-04,360.7300109863281,143.90158081054688,318.1700134277344,214.1699981689453,152.5,101.87000274658203,202.60000610351562,332.80999755859375,280.260009765625,151.5399932861328,121.94999694824219,34.582542419433594,244.6300048828125,59.17938995361328,99.0999984741211,185.44000244140625,63.02000045776367,85.06999969482422,201.05999755859375,51.45000076293945
2018-06-05,360.1000061035156,143.64279174804688,320.0199890136719,214.77000427246094,153.00999450683594,102.08999633789062,201.10000610351562,329.19000244140625,279.1000061035156,154.4499969482422,121.4800033569336,34.573055267333984,244.42999267578125,58.578243255615234,99.23999786376953,181.72999572753906,63.029998779296875,84.81999969482422,201.1999969482422,51.91999816894531
2018-06-06,371.55999755859375,144.72584533691406,319.9100036621094,218.27000427246094,156.50999450683594,102.80000305175781,201.50999450683594,335.2200012207031,285.25,158.5500030517578,122.79000091552734,34.51612854003906,248.64999389648438,59.093509674072266,99.9800033569336,183.5500030517578,63.540000915527344,85.93000030517578,203.86000061035156,52.91999816894531
2018-06-07,368.5299987792969,145.7705535888672,321.95001220703125,216.4600067138672,156.2899932861328,102.5,202.85000610351562,338.07000732421875,280.7099914550781,158.64999389648438,123.33000183105469,34.6204948425293,248.97999572753906,59.15076446533203,99.31999969482422,183.3000030517578,63.18000030517578,85.87999725341797,205.07000732421875,52.619998931884766
2018-06-08,369.5,145.55010986328125,322.30999755859375,217.02000427246094,155.32000732421875,103.0,202.5800018310547,338.6300048828125,282.0299987792969,157.1199951171875,124.05999755859375,34.7912712097168,250.67999267578125,59.713741302490234,100.43000030517578,184.3000030517578,63.27000045776367,86.08000183105469,206.58999633789062,53.15999984741211
2018-06-11,370.94000244140625,145.5596923828125,319.29998779296875,217.33999633789062,156.3000030517578,103.23999786376953,201.6999969482422,334.3599853515625,284.1300048828125,156.67999267578125,122.66000366210938,34.44022750854492,253.77999877929688,59.475189208984375,99.7699966430664,184.61000061035156,63.130001068115234,85.86000061035156,205.1199951171875,53.119998931884766
2018-06-12,370.6199951171875,145.93348693847656,315.1600036621094,217.9499969482422,157.49000549316406,103.16000366210938,198.5,329.3500061035156,292.07000732421875,157.58999633789062,122.54000091552734,34.44022750854492,253.5800018310547,59.58015441894531,98.91000366210938,185.07000732421875,62.91999816894531,85.48999786376953,204.9199981689453,53.130001068115234
2018-06-13,363.8500061035156,145.5213623046875,314.3500061035156,216.35000610351562,154.7100067138672,102.62000274658203,199.82000732421875,327.82000732421875,287.239990234375,153.33999633789062,122.62999725341797,34.36432647705078,252.8699951171875,59.72328186035156,97.58000183105469,183.67999267578125,62.630001068115234,85.72000122070312,204.88999938964844,53.459999084472656
2018-06-14,362.4200134277344,144.91754150390625,310.5899963378906,216.5500030517578,153.13999938964844,102.63999938964844,195.82000732421875,322.55999755859375,290.1600036621094,150.17999267578125,122.41000366210938,34.30739974975586,255.3300018310547,58.74045944213867,98.75,185.7899932861328,62.959999084472656,86.3499984741211,203.6300048828125,53.630001068115234
2018-06-15,357.8800048828125,143.9878387451172,310.1400146484375,215.8000030517578,150.02000427246094,102.30999755859375,195.8000030517578,321.5199890136719,288.75,148.75,122.61000061035156,34.497154235839844,255.97999572753906,59.18893051147461,99.56999969482422,185.00999450683594,62.90999984741211,86.87999725341797,204.97000122070312,54.79999923706055
2018-06-18,354.739990234375,143.71946716308594,309.5199890136719,212.82000732421875,148.67999267578125,101.2699966430664,195.97000122070312,322.4200134277344,288.8500061035156,147.7899932861328,121.31999969482422,34.30739974975586,254.8699951171875,58.196563720703125,98.4800033569336,183.9499969482422,62.81999969482422,86.11000061035156,204.1699981689453,53.650001525878906
2018-06-19,341.1199951171875,141.16041564941406,302.5199890136719,209.92999267578125,143.3000030517578,100.02999877929688,190.69000244140625,313.8399963378906,285.739990234375,142.27999877929688,122.56999969482422,34.36432647705078,253.02000427246094,58.23473358154297,98.01000213623047,186.19000244140625,62.34000015258789,86.81999969482422,199.38999938964844,53.63999938964844
2018-06-20,342.69000244140625,140.45115661621094,302.8599853515625,208.8000030517578,143.1300048828125,99.13999938964844,191.39999389648438,312.0799865722656,287.6499938964844,144.35000610351562,122.04000091552734,34.5920295715332,252.80999755859375,58.47328186035156,98.25,186.50999450683594,62.13999938964844,86.27999877929688,198.0800018310547,54.25
2018-06-21,337.6600036621094,137.98794555664062,300.3800048828125,206.5399932861328,139.52999877929688,97.91000366210938,188.42999267578125,313.45001220703125,286.04998779296875,142.00999450683594,121.44999694824219,34.44022750854492,251.88999938964844,58.377864837646484,95.55000305175781,185.99000549316406,61.75,86.06999969482422,195.52000427246094,53.939998626708984
2018-06-22,338.9100036621094,138.01669311523438,299.3800048828125,208.75,139.94000244140625,99.30000305175781,189.3800048828125,312.05999755859375,282.6499938964844,143.1699981689453,122.83999633789062,34.639469146728516,254.3699951171875,58.654579162597656,93.48999786376953,185.14999389648438,61.939998626708984,85.91999816894531,196.5,55.13999938964844
2018-06-25,331.20001220703125,138.05503845214844,298.7699890136719,204.92999267578125,136.5800018310547,98.86000061035156,189.10000610351562,313.7200012207031,274.4599914550781,139.64999389648438,122.58999633789062,34.51612854003906,250.7100067138672,58.28244400024414,93.05000305175781,185.36000061035156,60.77000045776367,85.7699966430664,195.8000030517578,54.66999816894531
2018-06-26,331.29998779296875,138.0262908935547,299.0799865722656,205.16000366210938,135.5399932861328,99.12000274658203,188.8000030517578,309.3399963378906,275.510009765625,139.64999389648438,122.3499984741211,34.51612854003906,249.77000427246094,57.93893051147461,92.12000274658203,184.58999633789062,60.810001373291016,85.11000061035156,196.5800018310547,54.90999984741211
2018-06-27,329.82000732421875,137.1924285888672,294.7799987792969,203.3800048828125,134.61000061035156,98.1500015258789,185.88999938964844,306.5899963378906,270.5799865722656,139.3800048828125,121.61000061035156,34.35483932495117,248.1699981689453,57.13740539550781,91.51000213623047,183.52999877929688,60.4900016784668,84.66999816894531,194.9199981689453,54.470001220703125
2018-06-28,334.6499938964844,137.18284606933594,295.239990234375,205.61000061035156,136.02999877929688,98.62000274658203,187.44000244140625,307.7200012207031,275.5400085449219,139.4199981689453,122.0,34.497154235839844,244.89999389648438,57.538169860839844,92.43000030517578,183.33999633789062,61.27000045776367,85.48999786376953,195.97000122070312,55.29999923706055
2018-06-29,335.510009765625,138.0646209716797,295.42999267578125,207.13999938964844,135.6699981689453,98.68000030517578,186.41000366210938,307.70001220703125,279.2900085449219,139.8000030517578,121.33999633789062,34.4212532043457,245.33999633789062,57.91984558105469,92.6500015258789,184.58999633789062,60.9900016784668,85.33000183105469,196.72000122070312,55.34000015258789
2018-07-02,336.0799865722656,138.7930450439453,299.1199951171875,205.57000732421875,136.2899932861328,98.12999725341797,187.3699951171875,308.8699951171875,279.0400085449219,141.16000366210938,121.58000183105469,34.468692779541016,247.47999572753906,57.69084167480469,93.11000061035156,185.2899932861328,61.0,85.86000061035156,195.52000427246094,55.189998626708984
2018-07-03,332.92999267578125,138.9176483154297,299.4599914550781,205.8800048828125,133.8300018310547,98.47000122070312,189.69000244140625,308.8399963378906,280.7699890136719,140.24000549316406,122.70999908447266,34.487667083740234,246.97999572753906,57.92938995361328,93.61000061035156,185.7100067138672,60.810001373291016,86.51000213623047,195.8300018310547,55.650001525878906
2018-07-05,333.17999267578125,138.89846801757812,299.19000244140625,207.35000610351562,135.80999755859375,98.86000061035156,188.6999969482422,308.25,280.489990234375,139.6999969482422,125.0,34.98102569580078,250.5,58.816795349121094,94.4800033569336,187.36000061035156,61.33000183105469,86.55999755859375,197.33999633789062,55.95000076293945
2018-07-06,334.6400146484375,139.6652374267578,299.19000244140625,207.1999969482422,135.41000366210938,99.33000183105469,188.83999633789062,307.3599853515625,286.1300048828125,139.97999572753906,125.75,35.2087287902832,250.75999450683594,59.35114669799805,96.91999816894531,191.00999450683594,62.15999984741211,87.38999938964844,197.4600067138672,56.560001373291016
2018-07-09,341.9200134277344,141.2946014404297,306.4800109863281,211.8300018310547,140.97000122070312,99.5,191.5399932861328,313.70001220703125,288.760009765625,144.4199981689453,126.05000305175781,35.256168365478516,253.6699981689453,59.17938995361328,97.04000091552734,194.1699981689453,62.439998626708984,87.87000274658203,200.52999877929688,56.45000076293945
2018-07-10,347.1600036621094,141.8888397216797,308.8299865722656,214.16000366210938,141.25,100.16000366210938,192.8000030517578,315.1199951171875,291.44000244140625,144.5500030517578,127.37999725341797,35.512332916259766,255.5399932861328,59.446563720703125,98.83999633789062,195.69000244140625,62.810001373291016,88.05000305175781,201.47999572753906,56.18000030517578
2018-07-11,340.6000061035156,138.5150909423828,306.5799865722656,209.6699981689453,136.75999450683594,98.56999969482422,191.50999450683594,311.7699890136719,294.55999755859375,141.4199981689453,126.23999786376953,35.30360412597656,254.58999633789062,59.064884185791016,94.95999908447266,193.14999389648438,62.56999969482422,87.55999755859375,197.67999267578125,55.75
2018-07-12,346.0299987792969,141.7450714111328,313.30999755859375,212.07000732421875,139.4199981689453,99.62000274658203,193.63999938964844,322.1300048828125,304.69000244140625,140.8000030517578,127.76000213623047,35.597721099853516,256.04998779296875,59.790077209472656,95.61000061035156,194.0800018310547,62.7400016784668,88.91000366210938,199.32000732421875,56.810001373291016
2018-07-13,350.7900085449219,141.37127685546875,318.3699951171875,211.1999969482422,140.75,99.19999694824219,192.74000549316406,321.7300109863281,306.989990234375,137.5800018310547,125.93000030517578,35.60721206665039,258.70001220703125,60.00954055786133,96.62999725341797,195.91000366210938,63.060001373291016,89.70999908447266,201.17999267578125,56.86000061035156
2018-07-16,356.1000061035156,140.3169708251953,319.04998779296875,208.8000030517578,138.0800018310547,98.16999816894531,191.5,320.3299865722656,301.989990234375,136.27000427246094,124.69000244140625,35.46489715576172,256.9800109863281,59.72328186035156,96.25,194.8800048828125,61.779998779296875,89.06999969482422,201.11000061035156,56.43000030517578
2018-07-17,356.8800048828125,142.32012939453125,317.5,211.0399932861328,138.9499969482422,99.58000183105469,192.32000732421875,321.20001220703125,305.489990234375,138.0,129.11000061035156,35.72106170654297,250.2899932861328,59.66603088378906,95.41000366210938,193.9199981689453,62.79999923706055,89.56999969482422,202.07000732421875,56.630001068115234
2018-07-18,360.2300109863281,142.9527130126953,319.7699890136719,211.42999267578125,141.1199951171875,98.77999877929688,195.42999267578125,323.7099914550781,307.2799987792969,139.2100067138672,127.80000305175781,35.73054885864258,255.4199981689453,60.0572509765625,94.4000015258789,192.8000030517578,64.75,90.02999877929688,202.1999969482422,56.880001068115234
2018-07-19,355.3299865722656,141.40960693359375,319.6000061035156,216.0800018310547,139.4199981689453,103.19999694824219,194.35000610351562,324.1600036621094,309.1000061035156,140.3000030517578,125.94000244140625,35.445919036865234,252.92999267578125,59.64694595336914,89.94999694824219,191.75999450683594,63.779998779296875,89.43000030517578,201.60000610351562,56.540000915527344
2018-07-20,354.8999938964844,146.76734924316406,322.54998779296875,216.85000610351562,136.82000732421875,101.29000091552734,195.27999877929688,323.92999267578125,311.1499938964844,137.1699981689453,125.8499984741211,35.417457580566406,252.6999969482422,59.656490325927734,88.91000366210938,190.49000549316406,63.31999969482422,88.47000122070312,201.9499969482422,56.709999084472656
2018-07-23,353.2699890136719,147.31365966796875,318.3299865722656,218.47999572753906,136.27999877929688,103.13999938964844,193.22999572753906,316.6700134277344,311.0400085449219,135.52999877929688,126.62999725341797,35.30360412597656,252.74000549316406,59.818702697753906,89.4000015258789,189.97000122070312,63.20000076293945,88.87999725341797,198.83999633789062,55.880001068115234
2018-07-24,358.2699890136719,148.71299743652344,322.57000732421875,221.39999389648438,137.97000122070312,103.55000305175781,196.75,316.1700134277344,308.6400146484375,139.83999633789062,129.36000061035156,35.76850128173828,253.75999450683594,60.51526641845703,91.54000091552734,191.39999389648438,64.4000015258789,93.3499984741211,200.67999267578125,58.2599983215332
2018-07-25,355.9200134277344,151.45416259765625,324.3599853515625,229.27999877929688,140.47999572753906,103.54000091552734,203.4499969482422,295.5,315.8299865722656,141.32000732421875,128.6199951171875,36.043643951416016,254.86000061035156,61.536258697509766,93.12000274658203,193.0399932861328,65.2300033569336,96.43000030517578,204.3800048828125,59.040000915527344
2018-07-26,359.32000732421875,152.50845336914062,322.94000244140625,234.0,142.5800018310547,103.79000091552734,200.47999572753906,295.30999755859375,311.5899963378906,142.72999572753906,130.27999877929688,36.204933166503906,257.0,61.078243255615234,93.94000244140625,194.0500030517578,65.66000366210938,95.18000030517578,207.9600067138672,57.91999816894531
2018-07-27,360.6499938964844,152.7193145751953,324.0899963378906,231.10000610351562,142.55999755859375,102.75,198.64999389648438,301.6499938964844,301.1499938964844,140.8000030517578,131.5500030517578,36.44212341308594,255.9499969482422,60.582061767578125,90.55999755859375,192.44000244140625,65.26000213623047,96.5999984741211,207.4199981689453,56.91999816894531
2018-07-30,351.05999755859375,150.39987182617188,320.1099853515625,230.72000122070312,139.75,101.80999755859375,196.25999450683594,294.8299865722656,289.239990234375,138.1999969482422,132.1699981689453,36.6129035949707,253.83999633789062,61.84160232543945,91.44999694824219,190.6300048828125,65.16999816894531,98.0199966430664,205.1199951171875,58.93000030517578
2018-07-31,356.29998779296875,153.0164337158203,326.1000061035156,234.52999877929688,143.8000030517578,102.58000183105469,199.75999450683594,300.489990234375,324.3599853515625,144.7899932861328,132.52000427246094,37.88425064086914,253.22000122070312,62.85305404663086,92.2300033569336,196.5500030517578,65.54000091552734,98.80999755859375,212.32000732421875,58.75
2018-08-01,352.760009765625,150.37110900878906,324.92999267578125,233.91000366210938,138.5399932861328,102.0,196.00999450683594,300.8999938964844,323.2300109863281,141.91000366210938,132.63999938964844,38.20683288574219,253.3699951171875,62.49045944213867,93.91000366210938,195.83999633789062,64.77999877929688,98.69999694824219,207.0500030517578,59.619998931884766
2018-08-02,349.7300109863281,149.4222412109375,322.0199890136719,233.1699981689453,138.00999450683594,101.44999694824219,194.94000244140625,298.69000244140625,332.5,142.08999633789062,131.25,37.618595123291016,256.0799865722656,62.23282241821289,95.12000274658203,196.3800048828125,64.58000183105469,99.47000122070312,205.52999877929688,59.27000045776367
2018-08-03,348.44000244140625,148.5979766845703,320.54998779296875,233.32000732421875,138.50999450683594,101.37000274658203,194.08999633789062,297.25,332.489990234375,143.36000061035156,131.9499969482422,38.46299743652344,257.2200012207031,62.91030502319336,96.52999877929688,197.99000549316406,65.2300033569336,100.58000183105469,207.2899932861328,59.15999984741211
2018-08-06,346.57000732421875,148.5308837890625,316.9200134277344,235.08999633789062,139.47999572753906,102.30999755859375,193.52000427246094,295.42999267578125,332.3599853515625,143.92999267578125,132.02000427246094,38.937381744384766,256.760009765625,63.1870231628418,97.05999755859375,197.61000061035156,65.23999786376953,102.0,206.6999969482422,59.38999938964844
2018-08-07,350.760009765625,149.86312866210938,317.4100036621094,235.5,142.3800048828125,102.26000213623047,196.27999877929688,295.260009765625,337.1600036621094,146.1199951171875,131.4600067138672,38.74762725830078,257.6499938964844,63.53053283691406,94.05999755859375,200.39999389648438,64.73999786376953,101.94000244140625,208.57000732421875,58.97999954223633
2018-08-08,347.7799987792969,148.75132751464844,315.30999755859375,234.5800018310547,139.7100067138672,101.94999694824219,195.1300048828125,294.95001220703125,338.1000061035156,144.80999755859375,131.1699981689453,39.28842544555664,258.80999755859375,63.635494232177734,93.7300033569336,196.1999969482422,64.83999633789062,102.2699966430664,207.13999938964844,60.16999816894531
2018-08-09,343.7200012207031,147.56285095214844,315.7099914550781,233.24000549316406,138.52000427246094,101.70999908447266,192.57000732421875,291.42999267578125,333.5,139.8300018310547,131.1999969482422,38.89942932128906,261.5899963378906,62.97710037231445,95.47000122070312,193.97000122070312,64.63999938964844,102.19000244140625,204.77999877929688,59.529998779296875
2018-08-10,339.4100036621094,146.72900390625,313.1199951171875,231.4199981689453,135.9199981689453,100.33000183105469,191.80999755859375,291.32000732421875,330.25,137.0500030517578,130.75,38.83301544189453,260.3599853515625,63.04389190673828,95.80000305175781,194.4199981689453,64.02999877929688,102.25,201.9600067138672,59.310001373291016
2018-08-13,338.3599853515625,146.01974487304688,313.6400146484375,230.6999969482422,135.02000427246094,99.86000061035156,191.83999633789062,292.0199890136719,327.29998779296875,136.91000366210938,130.22000122070312,38.71916580200195,260.9100036621094,63.66412353515625,96.77999877929688,195.61000061035156,63.43000030517578,102.44000244140625,199.83999633789062,59.41999816894531
2018-08-14,339.1400146484375,147.7257843017578,318.5899963378906,231.61000061035156,134.9199981689453,100.79000091552734,193.6300048828125,293.8599853515625,330.1700134277344,138.64999389648438,129.5,38.62428665161133,263.4800109863281,63.41603088378906,95.91999816894531,195.75999450683594,63.630001068115234,102.44000244140625,200.52000427246094,59.959999084472656
2018-08-15,331.760009765625,146.8152618408203,317.70001220703125,229.0,132.02000427246094,100.08999633789062,192.30999755859375,291.510009765625,327.82000732421875,135.6999969482422,130.42999267578125,39.051231384277344,260.6099853515625,64.28434753417969,97.44999694824219,195.25999450683594,63.470001220703125,103.33000183105469,201.38999938964844,60.2599983215332
2018-08-16,345.9800109863281,147.69703674316406,325.8599853515625,230.7899932861328,136.25999450683594,100.4800033569336,192.44000244140625,291.989990234375,326.9800109863281,137.35000610351562,132.47999572753906,39.29791259765625,263.1000061035156,65.69656372070312,98.22000122070312,196.44000244140625,64.16000366210938,104.36000061035156,203.14999389648438,61.11000061035156
2018-08-17,346.3999938964844,148.7225799560547,325.2300109863281,230.0,139.33999633789062,100.70999908447266,193.67999267578125,294.3900146484375,325.8800048828125,140.58999633789062,134.47000122070312,39.93358612060547,262.3299865722656,65.8969497680664,98.80999755859375,197.4199981689453,64.72000122070312,105.55000305175781,204.77000427246094,60.88999938964844
2018-08-20,350.739990234375,149.01011657714844,324.2200012207031,230.13999938964844,138.6699981689453,100.58000183105469,194.9199981689453,297.5,325.989990234375,140.52999877929688,136.8800048828125,40.16128921508789,262.3999938964844,66.95610809326172,97.62999725341797,197.55999755859375,64.63999938964844,105.81999969482422,204.60000610351562,60.31999969482422
2018-08-21,353.7699890136719,150.45736694335938,324.3900146484375,231.42999267578125,139.99000549316406,100.61000061035156,194.9600067138672,298.17999267578125,331.44000244140625,143.8300018310547,135.35000610351562,40.0,261.69000244140625,66.00190734863281,97.73999786376953,197.30999755859375,64.75,105.06999969482422,205.69000244140625,60.08000183105469
2018-08-22,350.0299987792969,149.64268493652344,321.9200134277344,234.08999633789062,139.6300048828125,100.69000244140625,192.47999572753906,297.239990234375,335.7799987792969,142.61000061035156,134.61000061035156,39.91461181640625,260.739990234375,65.87786102294922,97.63999938964844,197.83999633789062,65.66999816894531,105.02999877929688,204.25999450683594,60.56999969482422
2018-08-23,347.4800109863281,151.34872436523438,320.010009765625,234.19000244140625,136.7899932861328,99.75,191.58999633789062,297.5799865722656,335.7200012207031,141.17999267578125,135.11000061035156,40.0379524230957,261.4200134277344,65.81106567382812,97.1500015258789,196.60000610351562,65.83000183105469,104.81999969482422,202.75,60.09000015258789
2018-08-24,349.3800048828125,150.96534729003906,321.2900085449219,234.7100067138672,138.2100067138672,100.1500015258789,192.58999633789062,298.0400085449219,340.6000061035156,144.75999450683594,135.9499969482422,40.22770309448242,264.2799987792969,65.87786102294922,97.4000015258789,196.63999938964844,66.0999984741211,105.7699966430664,205.2899932861328,59.970001220703125
2018-08-27,353.739990234375,152.72889709472656,324.3399963378906,237.9199981689453,142.0399932861328,102.45999908447266,195.2899932861328,300.1300048828125,345.1199951171875,146.1999969482422,134.9199981689453,39.44971466064453,267.0799865722656,65.83015441894531,98.0199966430664,198.60000610351562,66.83999633789062,105.11000061035156,208.3300018310547,60.0099983215332
2018-08-28,351.2099914550781,153.44773864746094,324.3399963378906,237.9600067138672,142.0,102.69999694824219,195.6199951171875,300.4100036621094,344.760009765625,146.5,134.32000732421875,39.37381362915039,268.510009765625,65.48664093017578,97.26000213623047,198.6199951171875,66.79000091552734,105.18000030517578,209.42999267578125,60.16999816894531
2018-08-29,350.19000244140625,153.63941955566406,324.32000732421875,239.72999572753906,141.86000061035156,103.66000366210938,194.7100067138672,297.1099853515625,350.6300048828125,145.99000549316406,134.86000061035156,39.37381362915039,269.0,65.65839385986328,97.58000183105469,199.75,67.12999725341797,105.33000183105469,210.4600067138672,61.119998931884766
2018-08-30,346.8999938964844,152.82473754882812,321.8500061035156,239.19000244140625,139.05999755859375,103.01000213623047,192.50999450683594,298.69000244140625,353.010009765625,143.32000732421875,134.9499969482422,39.37381362915039,268.3900146484375,65.40076446533203,96.79000091552734,200.35000610351562,67.0199966430664,105.4800033569336,210.22000122070312,60.689998626708984
2018-08-31,342.7900085449219,152.45094299316406,320.4100036621094,239.10000610351562,138.85000610351562,103.54000091552734,193.39999389648438,298.489990234375,354.8299865722656,143.8000030517578,134.69000244140625,39.39278793334961,268.4599914550781,65.44847106933594,95.9800033569336,199.80999755859375,66.83999633789062,105.6500015258789,210.9199981689453,60.54999923706055
2018-09-04,346.25,153.00685119628906,321.9100036621094,236.0500030517578,138.24000549316406,103.55000305175781,192.61000061035156,297.6499938964844,353.010009765625,141.6999969482422,133.72000122070312,39.25047302246094,268.510009765625,64.83778381347656,94.55999755859375,196.72999572753906,67.11000061035156,104.62000274658203,208.60000610351562,60.47999954223633
2018-09-05,346.67999267578125,155.06752014160156,321.3299865722656,236.3699951171875,140.58999633789062,104.01000213623047,193.97999572753906,296.75,346.3500061035156,144.8800048828125,135.86000061035156,39.70588302612305,267.6400146484375,65.47709655761719,95.19000244140625,197.75,66.0,105.72000122070312,211.8300018310547,61.20000076293945
2018-09-06,351.2699890136719,157.1952667236328,328.9100036621094,235.72999572753906,141.57000732421875,104.5999984741211,195.24000549316406,301.69000244140625,348.2900085449219,145.10000610351562,136.8699951171875,39.639469146728516,269.6499938964844,66.2022933959961,93.73999786376953,196.14999389648438,65.83000183105469,105.37000274658203,212.74000549316406,60.939998626708984
2018-09-07,349.2799987792969,156.04513549804688,328.5299987792969,235.9600067138672,141.32000732421875,104.66000366210938,194.7100067138672,300.5199890136719,345.0400085449219,147.6300048828125,137.32000732421875,40.0379524230957,268.2799987792969,66.47901153564453,94.16999816894531,196.3000030517578,66.20999908447266,107.02999877929688,212.57000732421875,61.310001373291016
2018-09-10,341.8599853515625,156.5818634033203,322.95001220703125,237.19000244140625,142.0500030517578,105.12999725341797,195.69000244140625,303.94000244140625,349.3699951171875,148.61000061035156,137.2100067138672,39.90512466430664,259.7300109863281,66.3740463256836,93.81999969482422,202.5,66.55000305175781,106.41999816894531,212.92999267578125,60.86000061035156
2018-09-11,345.25,156.2847442626953,322.2300109863281,236.42999267578125,142.02999877929688,105.25,196.05999755859375,302.9700012207031,352.32000732421875,148.60000610351562,138.50999450683594,40.14231491088867,261.0400085449219,65.91603088378906,93.18000030517578,199.47000122070312,66.5999984741211,105.63999938964844,211.77999877929688,60.4900016784668
2018-09-12,353.4100036621094,157.08026123046875,325.2799987792969,239.0500030517578,144.27999877929688,105.79000091552734,196.1999969482422,303.5299987792969,349.82000732421875,147.77999877929688,139.36000061035156,40.23719024658203,262.6700134277344,66.6603012084961,93.23999786376953,199.5,66.97000122070312,105.97000122070312,206.7100067138672,60.33000183105469
2018-09-13,355.4599914550781,158.8246307373047,331.2799987792969,244.0,145.5399932861328,107.41999816894531,198.57000732421875,303.4100036621094,355.9100036621094,148.8699951171875,139.88999938964844,40.65464782714844,265.489990234375,67.58587646484375,96.33000183105469,202.92999267578125,68.5,106.58000183105469,209.0500030517578,60.790000915527344
2018-09-14,359.79998779296875,158.2495574951172,335.79998779296875,241.97999572753906,144.89999389648438,106.87000274658203,200.50999450683594,307.3399963378906,353.1199951171875,147.75999450683594,139.49000549316406,40.75901412963867,265.30999755859375,66.77481079101562,95.68000030517578,200.5800018310547,68.41999816894531,105.7699966430664,207.8800048828125,60.689998626708984
2018-09-17,355.9599914550781,158.86297607421875,339.3399963378906,238.4600067138672,146.22000122070312,105.97000122070312,202.42999267578125,311.0199890136719,347.2200012207031,149.0399932861328,139.9600067138672,40.806453704833984,263.8699951171875,67.19465637207031,95.37000274658203,200.80999755859375,67.66999816894531,105.70999908447266,209.52999877929688,61.29999923706055
2018-09-18,363.5799865722656,159.2367706298828,343.2200012207031,239.10000610351562,149.07000732421875,106.76000213623047,204.61000061035156,317.6300048828125,350.8800048828125,149.0399932861328,140.5399932861328,41.28083419799805,263.2900085449219,67.19465637207031,92.61000061035156,202.33999633789062,68.41000366210938,106.87999725341797,211.52999877929688,61.47999954223633
2018-09-19,365.2200012207031,158.910888671875,339.29998779296875,241.05999755859375,152.75999450683594,107.51000213623047,204.00999450683594,312.260009765625,350.3699951171875,152.38999938964844,140.4600067138672,41.043643951416016,265.3299865722656,66.77481079101562,91.0199966430664,203.1999969482422,68.5,105.73999786376953,213.1199951171875,60.79999923706055
2018-09-20,367.4599914550781,159.62014770507812,333.1300048828125,242.5,156.0,107.97000122070312,202.86000061035156,301.4100036621094,356.32000732421875,154.07000732421875,141.97999572753906,41.50853729248047,266.3900146484375,67.53816986083984,92.68000030517578,205.10000610351562,68.79000091552734,106.06999969482422,215.27000427246094,61.75
2018-09-21,372.2300109863281,160.38690185546875,337.6600036621094,243.49000549316406,156.3800048828125,108.08000183105469,204.66000366210938,306.69000244140625,358.1600036621094,152.80999755859375,142.8800048828125,41.80265808105469,266.6700134277344,67.84351348876953,92.26000213623047,205.10000610351562,69.05000305175781,106.33000183105469,216.3300018310547,62.25
2018-09-24,367.989990234375,158.58502197265625,337.5799865722656,242.14999389648438,154.0,107.83000183105469,202.8300018310547,306.1099853515625,358.25,151.5500030517578,140.47000122070312,41.679317474365234,267.3599853515625,67.53816986083984,93.41999816894531,207.2100067138672,71.44000244140625,105.58999633789062,213.50999450683594,61.59000015258789
2018-09-25,367.2300109863281,158.6808624267578,343.5400085449219,243.08999633789062,154.08999633789062,108.0199966430664,203.47999572753906,314.4100036621094,359.010009765625,151.2899932861328,138.63999938964844,41.54648971557617,263.510009765625,67.41412353515625,93.77999877929688,206.4600067138672,72.19999694824219,105.69999694824219,210.63999938964844,61.81999969482422
2018-09-26,365.0299987792969,158.87255859375,342.8800048828125,242.85000610351562,153.1699981689453,108.9000015258789,201.86000061035156,314.5799865722656,361.45001220703125,152.32000732421875,138.16000366210938,41.44212341308594,262.9100036621094,67.10877990722656,94.18000030517578,206.8300018310547,72.83999633789062,106.30999755859375,211.07000732421875,61.619998931884766
2018-09-27,367.3900146484375,158.4891815185547,346.04998779296875,244.32000732421875,152.47000122070312,108.18000030517578,202.0800018310547,316.7699890136719,366.9800109863281,151.22000122070312,138.22000122070312,41.65085220336914,264.6499938964844,67.48091888427734,94.13999938964844,208.88999938964844,73.0199966430664,106.69000244140625,210.11000061035156,61.95000076293945
2018-09-28,371.8999938964844,159.4859619140625,345.9599914550781,244.0800018310547,152.49000549316406,108.66000366210938,204.72000122070312,317.3699951171875,367.05999755859375,150.3300018310547,138.1699981689453,41.8121452331543,266.0400085449219,67.69084167480469,94.58000183105469,207.2899932861328,73.36000061035156,107.30999755859375,210.7100067138672,62.08000183105469
2018-10-01,382.2900085449219,161.27906799316406,347.92999267578125,248.50999450683594,152.27999877929688,109.29000091552734,205.5,318.5,366.5400085449219,150.86000061035156,139.69000244140625,42.00189971923828,269.1000061035156,68.25381469726562,95.0,206.91000366210938,74.12000274658203,107.5999984741211,212.19000244140625,62.099998474121094
2018-10-02,386.3699951171875,160.8817901611328,349.07000732421875,247.75,154.82000732421875,108.95999908447266,204.97999572753906,318.7699890136719,362.1400146484375,154.82000732421875,140.47999572753906,41.95446014404297,270.6300048828125,68.46373748779297,94.2300033569336,207.6699981689453,73.80999755859375,107.95999908447266,215.7100067138672,62.79999923706055
2018-10-03,392.29998779296875,160.25193786621094,347.44000244140625,247.35000610351562,158.22000122070312,108.52999877929688,205.72000122070312,317.6300048828125,359.6000061035156,158.2100067138672,139.02999877929688,42.51423263549805,270.8999938964844,68.10114288330078,96.01000213623047,206.89999389648438,72.04000091552734,108.62000274658203,215.75999450683594,62.650001525878906
2018-10-04,389.989990234375,159.6027069091797,349.4599914550781,243.3800048828125,156.75,107.0,205.91000366210938,318.0899963378906,344.7099914550781,158.30999755859375,139.35000610351562,42.40986633300781,268.32000732421875,67.95801544189453,93.83999633789062,203.47000122070312,71.81999969482422,112.98999786376953,213.83999633789062,62.36000061035156
2018-10-05,386.4700012207031,158.98255920410156,347.2099914550781,240.69000244140625,153.30999755859375,106.9800033569336,206.32000732421875,320.3399963378906,329.5199890136719,156.39999389648438,139.10000610351562,42.609107971191406,269.20001220703125,67.77671813964844,94.37999725341797,204.02000427246094,71.58000183105469,115.0199966430664,213.19000244140625,62.40999984741211
2018-10-08,385.7699890136719,159.74806213378906,349.92999267578125,239.66000366210938,153.35000610351562,105.61000061035156,207.16000366210938,319.0,325.8900146484375,153.82000732421875,139.38999938964844,42.96015167236328,269.010009765625,68.18701934814453,94.80999755859375,205.57000732421875,71.44000244140625,115.45999908447266,214.3699951171875,62.900001525878906
2018-10-09,385.44000244140625,155.94961547851562,347.30999755859375,239.97000122070312,149.4600067138672,106.7300033569336,204.16000366210938,314.20001220703125,323.739990234375,150.4499969482422,139.1999969482422,43.14041519165039,270.1099853515625,69.02671813964844,94.56999969482422,206.0,71.29000091552734,115.44999694824219,210.4199981689453,63.22999954223633
2018-10-10,367.4700012207031,151.76356506347656,336.75,230.66000366210938,143.72000122070312,103.83999633789062,197.82000732421875,309.04998779296875,304.760009765625,147.4600067138672,137.72999572753906,42.2296028137207,263.0799865722656,67.22328186035156,93.08000183105469,201.1999969482422,68.91999816894531,113.33999633789062,202.14999389648438,60.77000045776367
2018-10-11,358.1099853515625,148.85658264160156,326.260009765625,226.08999633789062,140.97000122070312,101.2699966430664,192.94000244140625,297.6199951171875,307.45001220703125,146.47000122070312,133.83999633789062,40.61669921875,257.1199951171875,65.2385482788086,90.69999694824219,193.85000610351562,68.37999725341797,107.91000366210938,196.72999572753906,57.5
2018-10-12,360.1099853515625,151.35658264160156,327.6199951171875,231.41000366210938,142.07000732421875,103.37999725341797,191.85000610351562,302.3699951171875,321.69000244140625,148.4199981689453,133.8699951171875,41.53700256347656,259.6099853515625,66.61259460449219,90.69000244140625,197.38999938964844,69.33000183105469,110.4800033569336,198.22999572753906,57.5099983215332
2018-10-15,358.8800048828125,151.36627197265625,331.239990234375,228.10000610351562,141.8000030517578,101.98999786376953,192.6300048828125,305.6000061035156,313.4100036621094,148.4499969482422,133.9499969482422,40.91081619262695,260.25,66.27862548828125,89.18000030517578,195.58999633789062,68.69999694824219,110.62000274658203,198.94000244140625,57.61000061035156
2018-10-16,368.25,154.61239624023438,337.1300048828125,235.14999389648438,143.7100067138672,105.05000305175781,194.7100067138672,312.0899963378906,326.5799865722656,151.9600067138672,136.55999755859375,41.679317474365234,272.57000732421875,67.95801544189453,91.91000366210938,202.33999633789062,70.94999694824219,111.02999877929688,202.3300018310547,57.83000183105469
2018-10-17,365.5,153.14923095703125,333.3999938964844,234.64999389648438,141.33999633789062,104.95999908447266,193.83999633789062,309.5,328.9599914550781,151.63999938964844,139.4600067138672,42.286529541015625,267.29998779296875,68.53053283691406,92.2699966430664,202.77000427246094,70.2300033569336,113.58999633789062,202.92999267578125,58.900001525878906
2018-10-18,359.3500061035156,150.37791442871094,328.0,229.7100067138672,135.8000030517578,101.23999786376953,191.22000122070312,308.20001220703125,321.45001220703125,147.1999969482422,139.5,41.745731353759766,266.80999755859375,68.90267181396484,89.9000015258789,202.72000122070312,68.13999938964844,113.30999755859375,200.3800048828125,55.97999954223633
2018-10-19,356.260009765625,148.71124267578125,328.1400146484375,227.14999389648438,131.32000732421875,100.38999938964844,190.25999450683594,307.6700134277344,313.1000061035156,145.91000366210938,139.0500030517578,42.220115661621094,265.29998779296875,69.03626251220703,87.97000122070312,201.8000030517578,67.58999633789062,111.91999816894531,199.85000610351562,54.29999923706055
2018-10-22,355.9800109863281,147.87791442871094,326.7799987792969,225.77000427246094,128.7100067138672,98.55999755859375,190.13999938964844,306.75,317.2300109863281,145.44000244140625,138.67999267578125,42.09677505493164,262.19000244140625,69.24618530273438,84.2699966430664,198.02000427246094,68.5199966430664,112.02999877929688,201.36000061035156,50.880001068115234
2018-10-23,350.04998779296875,145.93023681640625,321.3500061035156,223.3300018310547,118.9800033569336,97.41999816894531,187.75,304.1199951171875,313.79998779296875,139.6300048828125,138.92999267578125,41.840606689453125,264.8599853515625,68.7977066040039,82.95999908447266,197.63999938964844,68.56999969482422,110.38999938964844,192.5500030517578,50.650001525878906
2018-10-24,354.6499938964844,140.8333282470703,311.1300048828125,220.55999755859375,112.33999633789062,95.80999755859375,173.24000549316406,285.8599853515625,289.5,133.88999938964844,137.47000122070312,40.30360412597656,256.32000732421875,67.30915832519531,79.41000366210938,187.8800048828125,66.94000244140625,106.31999969482422,184.5399932861328,48.83000183105469
2018-10-25,363.7699890136719,142.906982421875,306.4100036621094,230.19000244140625,115.62999725341797,98.29000091552734,170.60000610351562,269.9800109863281,298.1400146484375,136.77999877929688,138.47000122070312,41.18595886230469,264.239990234375,66.75572204589844,81.7300033569336,188.10000610351562,67.66999816894531,107.88999938964844,184.99000549316406,49.209999084472656
2018-10-26,359.2699890136719,141.51162719726562,305.04998779296875,230.0,115.05000305175781,97.13999938964844,169.86000061035156,269.8399963378906,295.1000061035156,133.0,136.97000122070312,40.417457580566406,258.17999267578125,67.17557525634766,80.79000091552734,185.97999572753906,66.98999786376953,106.38999938964844,184.9499969482422,50.43000030517578
2018-10-29,335.5899963378906,141.05999755859375,286.6700134277344,228.35000610351562,113.9800033569336,96.8499984741211,167.0399932861328,256.29998779296875,292.25,130.55999755859375,137.5500030517578,41.01517868041992,256.5199890136719,68.17748260498047,81.36000061035156,188.19000244140625,67.30999755859375,107.4000015258789,185.7899932861328,49.72999954223633
2018-10-30,349.9100036621094,142.9600067138672,291.07000732421875,232.6699981689453,117.45999908447266,97.72000122070312,171.88999938964844,261.1000061035156,303.75,132.75999450683594,140.75,40.69260025024414,258.2799987792969,69.53244018554688,81.58999633789062,189.0800018310547,68.0,108.33999633789062,189.80999755859375,50.02000045776367
2018-10-31,354.8599853515625,144.82000732421875,293.8500061035156,233.64999389648438,121.31999969482422,99.4000015258789,172.5800018310547,261.95001220703125,311.1499938964844,135.44000244140625,139.99000549316406,40.85388946533203,261.3500061035156,70.2385482788086,77.8499984741211,192.7899932861328,68.94000244140625,108.44000244140625,190.25999450683594,50.540000915527344
2018-11-01,363.07000732421875,144.4499969482422,299.4200134277344,233.66000366210938,124.69999694824219,100.5199966430664,178.39999389648438,273.1499938964844,312.739990234375,140.64999389648438,140.82000732421875,41.43263626098633,260.92999267578125,69.77098846435547,80.20999908447266,192.89999389648438,70.1500015258789,107.86000061035156,192.22000122070312,52.130001068115234
2018-11-02,357.75,145.47999572753906,299.2799987792969,234.2100067138672,125.79000091552734,101.25,176.97999572753906,273.79998779296875,328.1000061035156,141.72000122070312,140.67999267578125,40.73054885864258,261.010009765625,68.95992279052734,79.55999755859375,187.05999755859375,70.19000244140625,106.75,192.80999755859375,50.689998626708984
2018-11-05,361.9800109863281,147.17999267578125,303.2099914550781,236.52000427246094,126.41000366210938,101.76000213623047,177.97000122070312,279.44000244140625,324.1400146484375,142.64999389648438,142.1999969482422,41.290321350097656,261.010009765625,69.77098846435547,82.58000183105469,189.9199981689453,70.38999938964844,110.13999938964844,193.25,52.029998779296875
2018-11-06,366.4700012207031,148.4499969482422,306.55999755859375,238.22999572753906,129.3300018310547,101.22000122070312,182.1999969482422,282.739990234375,322.7300109863281,145.47000122070312,142.57000732421875,40.806453704833984,263.5400085449219,69.9522933959961,83.66000366210938,190.75,70.95999908447266,105.9000015258789,195.3000030517578,51.349998474121094
2018-11-07,372.0199890136719,150.1999969482422,309.82000732421875,245.52999877929688,135.10000610351562,104.06999969482422,185.02999877929688,285.9100036621094,342.67999267578125,148.42999267578125,144.75,42.12523651123047,274.6300048828125,71.64122009277344,86.95999908447266,197.6199951171875,72.5,109.72000122070312,201.2899932861328,52.9900016784668
2018-11-08,370.7699890136719,150.5500030517578,308.55999755859375,245.57000732421875,131.38999938964844,104.75,184.55999755859375,284.0299987792969,339.54998779296875,146.6699981689453,145.3000030517578,41.603416442871094,276.6499938964844,72.02290344238281,87.7300033569336,196.02000427246094,72.95999908447266,110.0999984741211,204.07000732421875,52.810001373291016
2018-11-09,369.3399963378906,150.32000732421875,313.1199951171875,243.4499969482422,126.91000366210938,104.38999938964844,184.5,285.7300109863281,329.25,144.80999755859375,145.33999633789062,42.01138687133789,276.54998779296875,71.4312973022461,88.79000091552734,193.16000366210938,72.79000091552734,112.20999908447266,201.10000610351562,53.38999938964844
2018-11-12,357.0299987792969,148.1300048828125,305.1199951171875,236.33999633789062,125.0,101.55000305175781,181.00999450683594,277.54998779296875,310.3900146484375,144.57000732421875,145.6199951171875,41.850093841552734,272.3800048828125,71.26908111572266,89.69000244140625,191.55999755859375,70.55999755859375,113.19999694824219,197.0399932861328,52.849998474121094
2018-11-13,349.510009765625,147.67999267578125,305.739990234375,235.02000427246094,125.95999908447266,100.48999786376953,180.0800018310547,273.6400146484375,311.17999267578125,147.22999572753906,144.67999267578125,41.290321350097656,269.2200012207031,71.1927490234375,88.22000122070312,191.5500030517578,69.48999786376953,112.38999938964844,198.3699951171875,52.59000015258789
2018-11-14,344.7200012207031,147.52999877929688,303.3900146484375,235.0800018310547,125.0999984741211,100.73999786376953,179.83999633789062,270.7200012207031,308.2300109863281,147.22000122070312,144.25,40.71157455444336,264.9599914550781,70.69656372070312,88.30999755859375,190.36000061035156,69.41000366210938,109.80999755859375,198.05999755859375,52.59000015258789
2018-11-15,341.57000732421875,147.77000427246094,305.4800109863281,237.69000244140625,129.4199981689453,101.6500015258789,182.33999633789062,272.3500061035156,319.510009765625,146.6999969482422,144.5,40.9962043762207,264.94000244140625,71.41221618652344,90.13999938964844,192.4499969482422,70.7300033569336,112.19999694824219,204.91000366210938,53.27000045776367
2018-11-16,335.95001220703125,148.5500030517578,301.239990234375,241.05999755859375,129.9600067138672,103.19999694824219,183.05999755859375,272.6400146484375,319.92999267578125,147.8699951171875,145.99000549316406,41.28083419799805,271.1099853515625,72.57633972167969,91.52999877929688,194.17999267578125,72.04000091552734,113.83000183105469,209.0,54.06999969482422
2018-11-19,320.94000244140625,147.47000122070312,294.5899963378906,232.8800048828125,125.9800033569336,101.30000305175781,179.3800048828125,269.260009765625,301.5899963378906,142.57000732421875,147.72999572753906,41.916507720947266,266.04998779296875,72.8530502319336,89.4800033569336,194.91000366210938,70.54000091552734,115.80999755859375,205.5800018310547,53.47999954223633
2018-11-20,317.70001220703125,144.0500030517578,293.8599853515625,233.39999389648438,122.2699966430664,101.97000122070312,175.9199981689453,266.80999755859375,301.0799865722656,138.52000427246094,146.4499969482422,41.299808502197266,261.5,71.35496520996094,88.08999633789062,196.44000244140625,69.05999755859375,114.72000122070312,200.50999450683594,53.52000045776367
2018-11-21,317.32000732421875,144.10000610351562,294.2900085449219,233.02000427246094,123.87000274658203,102.94000244140625,176.75,267.7099914550781,309.8800048828125,141.8800048828125,141.99000549316406,40.891841888427734,260.54998779296875,71.364501953125,86.1500015258789,192.77000427246094,68.52999877929688,112.2300033569336,198.69000244140625,53.20000076293945
2018-11-23,312.32000732421875,143.25999450683594,295.3800048828125,235.00999450683594,122.31999969482422,102.41000366210938,178.25999450683594,266.5899963378906,310.5,142.83999633789062,142.22999572753906,40.92979049682617,261.6199951171875,71.25,85.62999725341797,192.57000732421875,68.11000061035156,112.87000274658203,196.8000030517578,52.93000030517578
2018-11-26,316.3599853515625,143.22000122070312,295.2799987792969,240.19000244140625,124.80000305175781,103.27999877929688,179.69000244140625,265.8999938964844,316.7900085449219,148.9199981689453,141.3699951171875,41.119544982910156,266.1600036621094,71.98473358154297,86.23999786376953,194.3000030517578,68.80999755859375,112.37999725341797,199.86000061035156,52.72999954223633
2018-11-27,318.0299987792969,142.88999938964844,295.2900085449219,241.99000549316406,124.5999984741211,104.0,178.63999938964844,260.3399963378906,321.7900085449219,147.80999755859375,143.22000122070312,41.8121452331543,271.1499938964844,72.84351348876953,87.68000030517578,197.10000610351562,69.70999908447266,114.22000122070312,200.69000244140625,51.150001525878906
2018-11-28,333.5,144.3000030517578,299.94000244140625,247.39999389648438,130.77000427246094,106.97000122070312,182.02999877929688,263.1400146484375,334.3299865722656,152.00999450683594,146.44000244140625,42.5996208190918,280.95001220703125,73.6927490234375,88.94000244140625,201.4199981689453,72.83000183105469,115.52999877929688,204.33999633789062,52.0
2018-11-29,342.55999755859375,145.74000549316406,302.4200134277344,248.57000732421875,130.22999572753906,107.94000244140625,182.1699981689453,260.6700134277344,337.9599914550781,149.97000122070312,145.85000610351562,43.178367614746094,282.54998779296875,74.34160614013672,89.91000366210938,202.3699951171875,73.26000213623047,117.0,204.55999755859375,51.81999969482422
2018-11-30,346.760009765625,146.75,300.42999267578125,249.5500030517578,135.6699981689453,109.54000091552734,184.88999938964844,259.8800048828125,337.5,154.8800048828125,146.89999389648438,43.861480712890625,281.3599853515625,75.70610809326172,94.2699966430664,208.25,74.05000305175781,118.63999938964844,207.9199981689453,53.459999084472656
2018-12-03,359.9599914550781,148.97999572753906,296.7900085449219,251.97999572753906,138.9499969482422,108.63999938964844,181.57000732421875,261.4700012207031,350.25,162.2100067138672,146.2100067138672,43.6337776184082,286.3299865722656,75.59160614013672,93.66000366210938,202.92999267578125,74.2699966430664,118.5199966430664,208.75999450683594,53.279998779296875
2018-12-04,342.5,142.67999267578125,286.7300109863281,243.88999938964844,129.32000732421875,106.30000305175781,173.17999267578125,249.83999633789062,334.2099914550781,151.58999633789062,146.02999877929688,42.82732391357422,278.54998779296875,74.62786102294922,90.55000305175781,197.75999450683594,71.5,116.5199966430664,202.1999969482422,52.029998779296875
2018-12-06,331.8999938964844,141.55999755859375,286.3500061035156,242.0399932861328,128.3699951171875,104.86000061035156,171.02000427246094,257.010009765625,334.32000732421875,154.38999938964844,145.91000366210938,42.67552185058594,276.8500061035156,74.78053283691406,90.33000183105469,199.00999450683594,71.54000091552734,115.83999633789062,202.67999267578125,53.25
2018-12-07,323.2200012207031,138.7100067138672,285.3999938964844,235.86000061035156,123.55000305175781,101.87000274658203,167.3800048828125,257.5400085449219,321.4100036621094,147.25999450683594,145.42999267578125,41.669830322265625,269.17999267578125,73.20610809326172,86.95999908447266,191.44000244140625,69.94999694824219,113.58000183105469,198.24000549316406,53.08000183105469
2018-12-10,326.3500061035156,137.9499969482422,298.3999938964844,237.0800018310547,123.38999938964844,101.72000122070312,172.1999969482422,270.2300109863281,323.04998779296875,147.02999877929688,145.25999450683594,42.12523651123047,266.5299987792969,73.8740463256836,87.61000061035156,194.08999633789062,70.91999816894531,114.08999633789062,198.32000732421875,52.58000183105469
2018-12-11,322.0299987792969,136.80999755859375,292.1499938964844,237.5,123.23999786376953,101.31999969482422,172.27000427246094,268.0,328.8999938964844,147.0,146.5,41.755218505859375,267.2200012207031,73.5782470703125,88.16999816894531,196.17999267578125,71.83999633789062,114.5,197.4600067138672,52.43000030517578
2018-12-12,326.69000244140625,138.2899932861328,292.5,241.27000427246094,125.37000274658203,102.02999877929688,171.22000122070312,270.1099853515625,336.9200134277344,148.13999938964844,147.10000610351562,41.89753341674805,270.6400146484375,74.43701934814453,88.5999984741211,196.41000366210938,72.52999877929688,114.33999633789062,199.80999755859375,53.439998626708984
2018-12-13,325.4700012207031,138.82000732421875,292.2300109863281,241.52000427246094,125.9000015258789,102.5,171.00999450683594,267.8500061035156,334.6199951171875,148.30999755859375,147.83999633789062,42.286529541015625,272.1499938964844,75.39122009277344,87.70999908447266,197.52999877929688,72.18000030517578,114.86000061035156,202.1300048828125,53.63999938964844
2018-12-14,318.75,136.44000244140625,287.70001220703125,234.19000244140625,126.7699966430664,100.4000015258789,168.97000122070312,262.7099914550781,326.4599914550781,149.00999450683594,133.0,41.55597686767578,265.0199890136719,72.97709655761719,85.61000061035156,192.07000732421875,70.76000213623047,111.93000030517578,196.10000610351562,52.119998931884766
2018-12-17,316.1300048828125,134.3800048828125,279.2300109863281,228.8699951171875,124.47000122070312,100.37000274658203,163.4499969482422,257.239990234375,310.8900146484375,146.0800018310547,129.13999938964844,40.901329040527344,258.07000732421875,71.78434753417969,84.93000030517578,190.0800018310547,69.75,108.36000061035156,192.82000732421875,50.91999816894531
2018-12-18,328.05999755859375,135.17999267578125,279.4700012207031,230.3000030517578,124.2699966430664,100.72000122070312,162.80999755859375,256.94000244140625,313.5799865722656,149.22999572753906,130.4199981689453,40.22770309448242,252.97000122070312,70.92557525634766,83.58000183105469,187.10000610351562,70.08000183105469,106.5,194.55999755859375,51.560001373291016
2018-12-19,319.54998779296875,133.25999450683594,273.9599914550781,228.36000061035156,122.33000183105469,100.6500015258789,158.99000549316406,253.35000610351562,303.3999938964844,146.0800018310547,127.61000061035156,39.819732666015625,250.30999755859375,70.39122009277344,83.5199966430664,185.49000549316406,69.0,109.11000061035156,189.9600067138672,50.38999938964844
2018-12-20,313.04998779296875,130.6699981689453,265.2900085449219,219.66000366210938,121.55000305175781,98.36000061035156,154.61000061035156,243.6199951171875,292.25,144.63999938964844,128.27000427246094,39.800758361816406,242.44000244140625,70.1240463256836,85.37000274658203,184.9600067138672,68.37999725341797,109.29000091552734,187.3800048828125,50.060001373291016
2018-12-21,304.54998779296875,129.44000244140625,256.54998779296875,215.7899932861328,120.06999969482422,98.4800033569336,150.49000549316406,235.24000549316406,278.8599853515625,142.99000549316406,128.08999633789062,39.78178405761719,238.33999633789062,69.56106567382812,84.91999816894531,180.2100067138672,67.2699966430664,109.41999816894531,183.75,49.81999969482422
2018-12-24,294.1600036621094,124.83000183105469,245.22000122070312,208.47000122070312,116.94999694824219,94.8499984741211,148.2100067138672,226.22999572753906,272.4599914550781,137.3800048828125,122.83999633789062,38.47248458862305,232.94000244140625,67.89122009277344,84.16000366210938,178.39999389648438,65.55999755859375,106.75,178.6199951171875,48.7599983215332
2018-12-26,313.92999267578125,129.57000732421875,251.6199951171875,217.97000122070312,124.76000213623047,99.95999908447266,152.1699981689453,232.63999938964844,293.3500061035156,143.27000427246094,126.70999908447266,40.02846145629883,243.35000610351562,70.61068725585938,89.04000091552734,187.86000061035156,69.62000274658203,111.08999633789062,186.25999450683594,50.029998779296875
2018-12-27,317.1400146484375,131.57000732421875,259.7900085449219,221.08999633789062,126.66999816894531,101.5,155.1199951171875,239.57000732421875,299.54998779296875,146.72000122070312,127.41000366210938,40.65464782714844,245.97000122070312,71.92748260498047,89.91000366210938,190.3300018310547,70.62999725341797,112.88999938964844,190.6999969482422,50.40999984741211
2018-12-28,316.3800048828125,130.75999450683594,261.260009765625,222.4499969482422,125.61000061035156,101.83000183105469,155.32000732421875,242.25,298.2300109863281,145.27999877929688,127.2699966430664,40.75901412963867,246.24000549316406,71.91793823242188,91.12000274658203,190.72999572753906,71.08999633789062,114.19999694824219,189.3699951171875,50.939998626708984
2018-12-31,322.5,132.1199951171875,261.8399963378906,223.7899932861328,127.06999969482422,103.12000274658203,157.2100067138672,244.89999389648438,299.92999267578125,149.1699981689453,129.0500030517578,41.41366195678711,249.1199951171875,72.9103012084961,92.19000244140625,194.6699981689453,72.33000183105469,115.72000122070312,190.5399932861328,51.97999954223633
