Date,AAPL,MSFT,GOOG,FB,INTC,CSCO,ORCL,NVDA,IBM,ADBE,XOM,CVX,GE,COP,SLB,EOG,OXY,PSX,VLO,EMR
2017-12-29,169.22999572753906,85.54000091552734,1046.4000244140625,176.4600067138672,46.15999984741211,38.29999923706055,47.279998779296875,193.5,153.4199981689453,175.24000549316406,83.63999938964844,125.19000244140625,16.778846740722656,54.88999938964844,67.38999938964844,107.91000366210938,73.66000366210938,101.1500015258789,91.91000366210938,69.69000244140625
2018-01-02,172.25999450683594,85.94999694824219,1065.0,181.4199981689453,46.849998474121094,38.86000061035156,46.630001068115234,199.35000610351562,154.25,177.6999969482422,85.02999877929688,127.58000183105469,17.288461685180664,55.31999969482422,69.5199966430664,109.30000305175781,73.9800033569336,101.75,92.80000305175781,70.73999786376953
2018-01-03,172.22999572753906,86.3499984741211,1082.47998046875,184.6699981689453,45.2599983215332,39.16999816894531,47.709999084472656,212.47000122070312,158.49000549316406,181.0399932861328,86.69999694824219,128.50999450683594,17.451923370361328,56.34000015258789,71.33000183105469,110.93000030517578,75.0,102.43000030517578,93.29000091552734,71.38999938964844
2018-01-04,173.02999877929688,87.11000061035156,1086.4000244140625,184.3300018310547,44.43000030517578,38.9900016784668,48.18000030517578,213.58999633789062,161.6999969482422,183.22000122070312,86.81999969482422,128.11000061035156,17.81730842590332,56.9900016784668,73.0999984741211,110.94999694824219,74.95999908447266,102.1500015258789,93.58999633789062,71.48999786376953
2018-01-05,175.0,88.19000244140625,1102.22998046875,186.85000610351562,44.7400016784668,39.529998779296875,48.470001220703125,215.39999389648438,162.49000549316406,185.33999633789062,86.75,127.9000015258789,17.826923370361328,56.880001068115234,73.5999984741211,112.16999816894531,74.55000305175781,102.16000366210938,94.02999877929688,72.43000030517578
2018-01-08,174.35000610351562,88.27999877929688,1106.93994140625,188.27999877929688,44.7400016784668,39.939998626708984,48.97999954223633,222.0,163.47000122070312,185.0399932861328,87.13999938964844,128.52999877929688,17.576923370361328,57.459999084472656,74.80000305175781,112.70999908447266,75.19000244140625,102.05999755859375,94.22000122070312,72.19999694824219
2018-01-09,174.3300018310547,88.22000122070312,1106.260009765625,187.8699951171875,43.619998931884766,39.689998626708984,49.060001373291016,221.94000244140625,163.8300018310547,186.6999969482422,86.7699966430664,127.83999633789062,17.846153259277344,57.93000030517578,74.9000015258789,111.70999908447266,74.88999938964844,101.72000122070312,94.0999984741211,72.31999969482422
2018-01-10,174.2899932861328,87.81999969482422,1102.6099853515625,187.83999633789062,42.5,39.90999984741211,48.79999923706055,223.67999267578125,164.17999267578125,187.11000061035156,86.08000183105469,128.66000366210938,18.201923370361328,57.650001525878906,75.5999984741211,112.01000213623047,74.25,102.08000183105469,94.1500015258789,72.58999633789062
2018-01-11,175.27999877929688,88.08000183105469,1105.52001953125,187.77000427246094,43.40999984741211,40.099998474121094,48.95000076293945,224.0800018310547,164.1999969482422,188.9199981689453,86.93000030517578,132.57000732421875,18.288461685180664,59.18000030517578,77.05000305175781,115.13999938964844,75.81999969482422,102.37000274658203,94.55000305175781,73.87999725341797
2018-01-12,177.08999633789062,89.5999984741211,1122.260009765625,179.3699951171875,43.2400016784668,40.869998931884766,49.5099983215332,222.97999572753906,163.13999938964844,195.0500030517578,87.5199966430664,133.60000610351562,18.038461685180664,60.04999923706055,77.97000122070312,115.69999694824219,76.52999877929688,104.97000122070312,96.75,73.91000366210938
2018-01-16,176.19000244140625,88.3499984741211,1121.760009765625,178.38999938964844,43.13999938964844,40.540000915527344,49.59000015258789,220.11000061035156,163.85000610351562,192.4600067138672,86.97000122070312,132.00999450683594,17.509614944458008,58.84000015258789,77.16999816894531,113.38999938964844,75.2699966430664,103.5,96.1500015258789,72.83000183105469
2018-01-17,179.10000610351562,90.13999938964844,1131.97998046875,177.60000610351562,44.38999938964844,41.20000076293945,50.27000045776367,224.72000122070312,168.64999389648438,196.49000549316406,88.0,132.36000061035156,16.68269157409668,59.86000061035156,77.20999908447266,113.52999877929688,75.86000061035156,106.16000366210938,97.55999755859375,73.06999969482422
2018-01-18,179.25999450683594,90.0999984741211,1129.7900390625,179.8000030517578,44.47999954223633,41.29999923706055,50.22999954223633,224.44000244140625,169.1199951171875,196.1999969482422,87.43000030517578,131.58999633789062,16.125,59.7599983215332,76.37000274658203,114.23999786376953,75.38999938964844,105.29000091552734,96.45999908447266,73.44999694824219
2018-01-19,178.4600067138672,90.0,1137.510009765625,181.2899932861328,44.81999969482422,41.290000915527344,50.58000183105469,230.11000061035156,162.3699951171875,195.72999572753906,87.1500015258789,131.3000030517578,15.634614944458008,59.75,76.41999816894531,114.37000274658203,75.55000305175781,105.62999725341797,97.26000213623047,73.13999938964844
2018-01-22,177.0,91.61000061035156,1155.81005859375,185.3699951171875,45.75,41.65999984741211,50.709999084472656,233.69000244140625,162.60000610351562,197.83999633789062,88.25,132.55999755859375,15.548076629638672,60.66999816894531,79.79000091552734,116.81999969482422,77.62999725341797,106.66000366210938,98.94999694824219,73.26000213623047
2018-01-23,177.0399932861328,91.9000015258789,1169.969970703125,189.35000610351562,46.060001373291016,42.099998474121094,51.119998931884766,238.91000366210938,166.25,200.08999633789062,88.30000305175781,131.02000427246094,16.240385055541992,60.470001220703125,79.20999908447266,117.83999633789062,77.41999816894531,106.9000015258789,98.69000244140625,73.12000274658203
2018-01-24,174.22000122070312,91.81999969482422,1164.239990234375,186.5500030517578,45.5099983215332,42.16999816894531,51.45000076293945,235.8000030517578,165.3699951171875,197.77999877929688,88.52999877929688,131.38999938964844,15.807692527770996,60.4900016784668,78.18000030517578,118.47000122070312,77.55999755859375,104.62999725341797,97.66000366210938,72.62999725341797
2018-01-25,171.11000061035156,92.33000183105469,1170.3699951171875,187.47999572753906,45.29999923706055,41.900001525878906,51.599998474121094,236.35000610351562,165.47000122070312,197.50999450683594,88.37000274658203,130.64999389648438,15.557692527770996,59.47999954223633,77.33000183105469,117.44999694824219,76.73999786376953,104.16999816894531,97.18000030517578,72.68000030517578
2018-01-26,171.50999450683594,94.05999755859375,1175.8399658203125,190.0,50.08000183105469,42.560001373291016,52.75,243.3300018310547,167.33999633789062,201.3000030517578,89.0,131.19000244140625,15.509614944458008,60.38999938964844,77.61000061035156,117.76000213623047,77.18000030517578,106.58999633789062,98.69000244140625,74.05000305175781
2018-01-29,167.9600067138672,93.91999816894531,1175.5799560546875,185.97999572753906,49.97999954223633,42.849998474121094,51.939998626708984,246.85000610351562,166.8000030517578,198.22999572753906,88.01000213623047,128.47999572753906,15.65384578704834,59.65999984741211,76.37999725341797,116.58000183105469,76.23999786376953,104.25,96.38999938964844,72.98999786376953
2018-01-30,166.97000122070312,92.73999786376953,1163.68994140625,187.1199951171875,48.790000915527344,42.25,50.959999084472656,242.72000122070312,163.6199951171875,196.89999389648438,86.77999877929688,125.2300033569336,15.336538314819336,58.459999084472656,74.54000091552734,115.16999816894531,74.76000213623047,102.27999877929688,94.33999633789062,72.47000122070312
2018-01-31,167.42999267578125,95.01000213623047,1169.93994140625,186.88999938964844,48.13999938964844,41.540000915527344,51.59000015258789,245.8000030517578,163.6999969482422,199.75999450683594,87.30000305175781,125.3499984741211,15.548076629638672,58.810001373291016,73.58000183105469,115.0,74.97000122070312,102.4000015258789,95.97000122070312,72.2300033569336
2018-02-01,167.77999877929688,94.26000213623047,1167.699951171875,193.08999633789062,47.650001525878906,41.70000076293945,51.630001068115234,240.5,162.39999389648438,199.3800048828125,89.06999969482422,125.56999969482422,15.40384578704834,59.349998474121094,75.51000213623047,116.5199966430664,76.0999984741211,100.86000061035156,94.69000244140625,72.58000183105469
2018-02-02,160.5,91.77999877929688,1111.9000244140625,190.27999877929688,46.150001525878906,40.93000030517578,50.130001068115234,233.52000427246094,159.02999877929688,195.63999938964844,84.52999877929688,118.58000183105469,15.038461685180664,57.720001220703125,73.69000244140625,112.83000183105469,73.58000183105469,97.01000213623047,93.19000244140625,70.56999969482422
2018-02-05,156.49000549316406,88.0,1055.800048828125,181.25999450683594,44.52000045776367,38.779998779296875,48.09000015258789,213.6999969482422,152.52999877929688,190.27000427246094,79.72000122070312,112.62000274658203,14.336538314819336,55.939998626708984,71.3499984741211,109.55999755859375,70.91000366210938,95.20999908447266,89.7699966430664,68.44000244140625
2018-02-06,163.02999877929688,91.33000183105469,1080.5999755859375,185.30999755859375,44.90999984741211,40.16999816894531,49.400001525878906,225.5800018310547,155.33999633789062,194.47000122070312,78.3499984741211,117.18000030517578,14.682692527770996,55.939998626708984,71.04000091552734,108.2699966430664,71.22000122070312,96.87999725341797,90.45999908447266,69.25
2018-02-07,159.5399932861328,89.61000061035156,1048.5799560546875,180.17999267578125,45.20000076293945,40.34000015258789,48.869998931884766,228.8000030517578,153.85000610351562,192.33999633789062,76.94000244140625,115.29000091552734,14.663461685180664,55.630001068115234,69.75,105.77999877929688,69.87000274658203,95.61000061035156,89.83999633789062,68.95999908447266
2018-02-08,155.14999389648438,85.01000213623047,1001.52001953125,171.5800018310547,42.75,38.77000045776367,46.84000015258789,217.52000427246094,147.58999633789062,185.16000366210938,76.06999969482422,112.30000305175781,13.894230842590332,53.2400016784668,67.4000015258789,101.04000091552734,68.47000122070312,92.44000244140625,86.7699966430664,66.4000015258789
2018-02-09,156.41000366210938,88.18000030517578,1037.780029296875,176.11000061035156,43.95000076293945,39.529998779296875,47.72999954223633,232.0800018310547,149.50999450683594,187.99000549316406,75.77999877929688,113.5,14.365385055541992,52.02000045776367,65.19000244140625,100.06999969482422,68.18000030517578,92.5999984741211,88.22000122070312,69.06999969482422
2018-02-12,162.7100067138672,89.12999725341797,1051.93994140625,176.41000366210938,44.83000183105469,40.599998474121094,48.150001525878906,228.02999877929688,151.39999389648438,192.14999389648438,76.41999816894531,113.9800033569336,14.25,53.40999984741211,66.83999633789062,103.13999938964844,69.87000274658203,93.58999633789062,88.83999633789062,70.30999755859375
2018-02-13,164.33999633789062,89.83000183105469,1052.0999755859375,173.14999389648438,44.459999084472656,41.22999954223633,48.4900016784668,232.6300048828125,150.75,193.47999572753906,76.30000305175781,113.29000091552734,14.105769157409668,53.31999969482422,65.91999816894531,102.47000122070312,69.72000122070312,93.76000213623047,89.4800033569336,70.37999725341797
2018-02-14,167.3699951171875,90.80999755859375,1069.699951171875,179.52000427246094,45.380001068115234,42.09000015258789,49.45000076293945,241.4199981689453,154.75999450683594,197.1300048828125,76.45999908447266,113.62999725341797,14.326923370361328,55.5099983215332,65.87000274658203,106.76000213623047,69.8499984741211,93.33000183105469,92.62999725341797,71.30999755859375
2018-02-15,172.99000549316406,92.66000366210938,1089.52001953125,179.9600067138672,45.91999816894531,44.08000183105469,50.63999938964844,246.5,156.00999450683594,202.97000122070312,76.20999908447266,112.52999877929688,14.27884578704834,54.540000915527344,66.20999908447266,107.69000244140625,69.43000030517578,92.7699966430664,93.0,71.5
2018-02-16,172.42999267578125,92.0,1094.800048828125,177.36000061035156,45.560001373291016,44.33000183105469,50.709999084472656,243.83999633789062,156.17999267578125,201.55999755859375,76.54000091552734,112.13999938964844,14.47115421295166,54.650001525878906,66.27999877929688,107.63999938964844,68.16000366210938,91.98999786376953,93.2699966430664,72.98999786376953
2018-02-20,171.85000610351562,92.72000122070312,1102.4599609375,176.00999450683594,46.31999969482422,44.060001373291016,49.88999938964844,249.0800018310547,155.16000366210938,202.97999572753906,75.75,110.9800033569336,14.173076629638672,54.84000015258789,65.61000061035156,107.95999908447266,67.98999786376953,90.98999786376953,91.58000183105469,71.06999969482422
2018-02-21,171.07000732421875,91.48999786376953,1111.3399658203125,177.91000366210938,45.939998626708984,43.310001373291016,49.43000030517578,241.50999450683594,153.9600067138672,202.08999633789062,74.88999938964844,109.05999755859375,13.932692527770996,53.75,64.4000015258789,105.80999755859375,67.20999908447266,89.58000183105469,90.83000183105469,71.80999755859375
2018-02-22,172.5,91.7300033569336,1106.6300048828125,178.99000549316406,45.79999923706055,42.939998626708984,49.59000015258789,242.14999389648438,153.17999267578125,202.61000061035156,75.86000061035156,109.88999938964844,14.057692527770996,54.90999984741211,64.95999908447266,107.08999633789062,67.91999816894531,90.12999725341797,92.05000305175781,72.08999633789062
2018-02-23,175.5,94.05999755859375,1126.7900390625,183.2899932861328,47.72999954223633,44.0,50.5,245.92999267578125,155.52000427246094,209.74000549316406,77.52999877929688,112.58999633789062,13.932692527770996,57.04999923706055,66.5,108.83000183105469,68.31999969482422,91.83000183105469,92.45999908447266,72.19000244140625
2018-02-26,178.97000122070312,95.41999816894531,1143.75,184.92999267578125,49.11000061035156,45.36000061035156,51.16999816894531,246.5800018310547,158.5800018310547,212.14999389648438,78.83999633789062,114.5999984741211,14.086538314819336,56.59000015258789,66.7300033569336,109.48999786376953,67.2699966430664,92.5199966430664,93.30999755859375,73.52999877929688
2018-02-27,178.38999938964844,94.19999694824219,1118.2900390625,181.4600067138672,49.90999984741211,45.040000915527344,50.72999954223633,246.05999755859375,156.5500030517578,208.82000732421875,77.5,113.61000061035156,13.942307472229004,55.83000183105469,66.91000366210938,106.94000244140625,66.75,92.12000274658203,92.7699966430664,73.08999633789062
2018-02-28,178.1199951171875,93.7699966430664,1104.72998046875,178.32000732421875,49.290000915527344,44.779998779296875,50.66999816894531,242.0,155.8300018310547,209.1300048828125,75.73999786376953,111.91999816894531,13.567307472229004,54.310001373291016,65.63999938964844,101.41999816894531,65.5999984741211,90.37000274658203,90.41999816894531,71.05999755859375
2018-03-01,175.0,92.8499984741211,1069.52001953125,175.94000244140625,47.84000015258789,43.79999923706055,49.709999084472656,232.2100067138672,153.80999755859375,206.02999877929688,75.19999694824219,112.04000091552734,13.480769157409668,53.880001068115234,65.22000122070312,101.18000030517578,65.62999725341797,90.87000274658203,90.81999969482422,69.58000183105469
2018-03-02,176.2100067138672,93.05000305175781,1078.9200439453125,176.6199951171875,48.97999954223633,44.060001373291016,50.31999969482422,236.5399932861328,154.49000549316406,209.7899932861328,75.55000305175781,111.63999938964844,13.576923370361328,54.060001373291016,65.47000122070312,101.44999694824219,65.63999938964844,91.37000274658203,92.19999694824219,69.36000061035156
2018-03-05,176.82000732421875,93.63999938964844,1090.9300537109375,180.39999389648438,49.75,44.52000045776367,51.290000915527344,235.64999389648438,156.9499969482422,211.16000366210938,76.2699966430664,113.1500015258789,13.865385055541992,53.9900016784668,66.16000366210938,101.80999755859375,65.91999816894531,93.05999755859375,91.55999755859375,70.1500015258789
2018-03-06,176.6699981689453,93.31999969482422,1095.06005859375,179.77999877929688,50.709999084472656,44.290000915527344,51.5,242.16000366210938,155.72000122070312,212.00999450683594,76.18000030517578,113.6500015258789,14.076923370361328,54.060001373291016,66.62999725341797,101.01000213623047,65.66000366210938,93.93000030517578,91.72000122070312,70.47000122070312
2018-03-07,175.02999877929688,93.86000061035156,1109.6400146484375,183.7100067138672,51.31999969482422,44.20000076293945,51.720001220703125,241.83999633789062,158.32000732421875,216.86000061035156,74.26000213623047,113.83999633789062,13.951923370361328,54.06999969482422,66.2300033569336,100.87000274658203,65.19000244140625,94.22000122070312,92.04000091552734,69.58999633789062
2018-03-08,176.94000244140625,94.43000030517578,1126.0,182.33999633789062,50.7400016784668,44.34000015258789,52.130001068115234,241.17999267578125,156.2100067138672,216.39999389648438,74.12000274658203,113.3499984741211,13.961538314819336,53.56999969482422,66.73999786376953,100.58999633789062,62.959999084472656,95.19000244140625,93.30999755859375,70.20999908447266
2018-03-09,179.97999572753906,96.54000091552734,1160.0400390625,185.22999572753906,52.189998626708984,45.369998931884766,52.970001220703125,245.3300018310547,159.30999755859375,221.11000061035156,74.55999755859375,117.22000122070312,14.365385055541992,55.060001373291016,68.77999877929688,102.80000305175781,63.66999816894531,95.91000366210938,94.31999969482422,72.2699966430664
2018-03-12,181.72000122070312,96.7699966430664,1164.5,184.75999450683594,51.52000045776367,45.54999923706055,52.900001525878906,249.75999450683594,160.25999450683594,220.94000244140625,75.23999786376953,116.79000091552734,14.519230842590332,54.7400016784668,68.08999633789062,100.6500015258789,63.88999938964844,94.98999786376953,92.69000244140625,71.41999816894531
2018-03-13,179.97000122070312,94.41000366210938,1138.1700439453125,181.8800048828125,51.779998779296875,45.15999984741211,52.58000183105469,247.7100067138672,159.32000732421875,219.75999450683594,74.52999877929688,116.45999908447266,13.875,53.959999084472656,67.13999938964844,100.05000305175781,64.19999694824219,94.55000305175781,93.48999786376953,71.2300033569336
2018-03-14,178.44000244140625,93.8499984741211,1149.489990234375,184.19000244140625,51.86000061035156,45.279998779296875,52.31999969482422,248.74000549316406,158.1199951171875,218.44000244140625,73.5999984741211,115.12999725341797,13.72115421295166,53.959999084472656,66.43000030517578,99.88999938964844,64.04000091552734,94.20999908447266,92.66000366210938,70.73999786376953
2018-03-15,178.64999389648438,94.18000030517578,1149.5799560546875,183.86000061035156,50.880001068115234,45.33000183105469,52.369998931884766,249.33999633789062,159.61000061035156,218.8699951171875,74.41999816894531,115.58000183105469,13.807692527770996,54.029998779296875,65.3499984741211,98.6500015258789,63.90999984741211,94.45999908447266,92.33000183105469,70.93000030517578
2018-03-16,178.02000427246094,94.5999984741211,1135.72998046875,185.08999633789062,51.16999816894531,45.0099983215332,52.27000045776367,250.47999572753906,160.25999450683594,225.5500030517578,75.12000274658203,115.4000015258789,13.759614944458008,54.93000030517578,66.0999984741211,100.44999694824219,64.44999694824219,95.79000091552734,93.79000091552734,72.37999725341797
2018-03-19,175.3000030517578,92.88999938964844,1099.8199462890625,172.55999755859375,50.83000183105469,44.27000045776367,51.95000076293945,241.0,157.35000610351562,222.17999267578125,74.1500015258789,113.88999938964844,13.52884578704834,53.56999969482422,64.69999694824219,98.47000122070312,63.650001525878906,94.4000015258789,92.94000244140625,70.7300033569336
2018-03-20,175.24000549316406,93.12999725341797,1097.7099609375,168.14999389648438,51.54999923706055,44.369998931884766,47.04999923706055,249.5800018310547,156.1999969482422,229.75,73.98999786376953,114.5,13.115385055541992,54.70000076293945,65.55999755859375,101.33000183105469,63.90999984741211,95.0999984741211,94.47000122070312,70.55000305175781
2018-03-21,171.27000427246094,92.4800033569336,1090.8800048828125,169.38999938964844,51.560001373291016,44.310001373291016,47.02000045776367,248.55999755859375,156.69000244140625,226.85000610351562,75.04000091552734,117.04000091552734,13.34615421295166,57.040000915527344,67.73999786376953,104.77999877929688,66.04000091552734,96.1500015258789,95.44999694824219,71.1500015258789
2018-03-22,168.85000610351562,89.79000091552734,1049.0799560546875,164.88999938964844,50.83000183105469,43.06999969482422,45.88999938964844,241.85000610351562,152.08999633789062,220.52000427246094,73.5,113.69999694824219,12.836538314819336,56.5,65.5199966430664,104.29000091552734,65.18000030517578,94.69999694824219,93.04000091552734,68.7699966430664
2018-03-23,164.94000244140625,87.18000030517578,1021.5700073242188,159.38999938964844,49.36000061035156,42.41999816894531,44.790000915527344,232.97000122070312,148.88999938964844,215.02000427246094,72.88999938964844,112.9800033569336,12.567307472229004,57.7400016784668,64.13999938964844,105.86000061035156,65.48999786376953,93.38999938964844,91.22000122070312,67.36000061035156
2018-03-26,172.77000427246094,93.77999877929688,1053.2099609375,160.05999755859375,52.47999954223633,44.060001373291016,46.47999954223633,244.47999572753906,153.3699951171875,228.91000366210938,74.0,115.3499984741211,12.394230842590332,59.08000183105469,64.45999908447266,107.56999969482422,67.19999694824219,96.0,94.25,69.51000213623047
2018-03-27,168.33999633789062,89.47000122070312,1005.0999755859375,152.22000122070312,51.189998626708984,42.68000030517578,45.380001068115234,225.52000427246094,151.91000366210938,213.8000030517578,73.69999694824219,114.66000366210938,12.923076629638672,59.13999938964844,64.4800033569336,106.33000183105469,65.81999969482422,95.70999908447266,92.2699966430664,67.91999816894531
2018-03-28,166.47999572753906,89.38999938964844,1004.5599975585938,153.02999877929688,49.599998474121094,41.65999984741211,44.97999954223633,221.35000610351562,152.52000427246094,212.5399932861328,72.80999755859375,112.0999984741211,13.15384578704834,58.72999954223633,63.209999084472656,103.81999969482422,63.150001525878906,94.33000183105469,90.27999877929688,67.30000305175781
2018-03-29,167.77999877929688,91.2699966430664,1031.7900390625,159.7899932861328,52.08000183105469,42.88999938964844,45.75,231.58999633789062,153.42999267578125,216.0800018310547,74.61000061035156,114.04000091552734,12.961538314819336,59.290000915527344,64.77999877929688,105.2699966430664,64.95999908447266,95.91999816894531,92.7699966430664,68.30000305175781
2018-04-02,166.67999267578125,88.5199966430664,1006.469970703125,155.38999938964844,48.91999816894531,41.0099983215332,45.0099983215332,221.0500030517578,150.07000732421875,212.27999877929688,73.22000122070312,112.23999786376953,12.615385055541992,58.09000015258789,63.47999954223633,102.93000030517578,64.66999816894531,94.94999694824219,91.55999755859375,66.27999877929688
2018-04-03,168.38999938964844,89.70999908447266,1013.4099731445312,156.11000061035156,49.75,41.380001068115234,44.88999938964844,225.35000610351562,149.85000610351562,215.92999267578125,75.0199966430664,114.83000183105469,12.625,60.029998779296875,64.79000091552734,105.06999969482422,66.62999725341797,96.18000030517578,92.69999694824219,67.8499984741211
2018-04-04,171.61000061035156,92.33000183105469,1025.1400146484375,155.10000610351562,49.9900016784668,41.20000076293945,45.5099983215332,226.24000549316406,154.1199951171875,225.0500030517578,74.87000274658203,114.4800033569336,12.769230842590332,59.560001373291016,64.80999755859375,104.16999816894531,66.62000274658203,95.98999786376953,93.3499984741211,68.12999725341797
2018-04-05,172.8000030517578,92.37999725341797,1027.81005859375,159.33999633789062,50.380001068115234,41.81999969482422,45.959999084472656,221.3800048828125,154.02999877929688,223.5399932861328,76.0199966430664,117.29000091552734,12.913461685180664,60.459999084472656,65.7699966430664,104.37999725341797,67.7699966430664,97.7699966430664,95.86000061035156,68.41000366210938
2018-04-06,168.3800048828125,90.2300033569336,1007.0399780273438,157.1999969482422,48.790000915527344,40.72999954223633,44.83000183105469,214.25,150.57000732421875,218.61000061035156,74.87000274658203,114.76000213623047,12.557692527770996,59.2599983215332,64.36000061035156,101.93000030517578,67.52999877929688,96.97000122070312,95.18000030517578,66.30999755859375
2018-04-09,170.0500030517578,90.7699966430664,1015.4500122070312,157.92999267578125,49.54999923706055,41.16999816894531,44.900001525878906,215.41000366210938,152.69000244140625,219.1699981689453,74.87000274658203,115.9800033569336,12.336538314819336,60.619998931884766,64.26000213623047,103.37999725341797,68.93000030517578,97.73999786376953,96.01000213623047,66.19000244140625
2018-04-10,173.25,92.87999725341797,1031.6400146484375,165.0399932861328,51.27000045776367,42.5099983215332,45.81999969482422,227.91000366210938,155.38999938964844,224.52999877929688,77.06999969482422,118.8499984741211,12.548076629638672,62.34000015258789,66.70999908447266,107.66000366210938,70.51000213623047,100.25,98.88999938964844,67.55999755859375
2018-04-11,172.44000244140625,91.86000061035156,1019.969970703125,166.32000732421875,51.099998474121094,42.43000030517578,45.61000061035156,226.24000549316406,155.36000061035156,223.6300048828125,77.43000030517578,119.25,12.47115421295166,63.22999954223633,67.55000305175781,109.4000015258789,71.68000030517578,102.55000305175781,100.30999755859375,67.08000183105469
2018-04-12,174.13999938964844,93.58000183105469,1032.510009765625,163.8699951171875,52.720001220703125,43.34000015258789,45.880001068115234,234.60000610351562,158.07000732421875,226.9600067138672,77.22000122070312,119.2300033569336,12.673076629638672,63.2400016784668,67.55999755859375,109.9800033569336,71.77999877929688,102.62999725341797,100.52999877929688,68.19999694824219
2018-04-13,174.72999572753906,93.08000183105469,1029.27001953125,164.52000427246094,51.86000061035156,43.0,46.08000183105469,231.5,156.7100067138672,224.05999755859375,77.83999633789062,119.91999816894531,12.97115421295166,64.9000015258789,67.94999694824219,111.0199966430664,73.62999725341797,103.73999786376953,101.83000183105469,68.41999816894531
2018-04-16,175.82000732421875,94.16999816894531,1037.97998046875,164.8300018310547,52.400001525878906,43.29999923706055,46.04999923706055,231.49000549316406,157.88999938964844,226.52000427246094,78.54000091552734,120.69999694824219,12.817307472229004,65.7300033569336,68.5199966430664,111.0199966430664,74.91000366210938,106.81999969482422,105.48999786376953,68.80999755859375
2018-04-17,178.24000549316406,96.06999969482422,1074.1600341796875,168.66000366210938,53.540000915527344,44.59000015258789,46.65999984741211,237.5399932861328,160.91000366210938,231.16000366210938,78.33000183105469,121.45999908447266,13.259614944458008,66.51000213623047,68.66000366210938,111.1500015258789,75.22000122070312,107.86000061035156,106.69000244140625,69.38999938964844
2018-04-18,177.83999633789062,96.44000244140625,1072.0799560546875,166.36000061035156,53.61000061035156,44.630001068115234,47.08000183105469,236.3699951171875,148.7899932861328,231.10000610351562,79.22000122070312,123.81999969482422,13.134614944458008,66.41999816894531,70.33999633789062,112.8499984741211,75.91999816894531,108.88999938964844,107.54000091552734,70.62000274658203
2018-04-19,172.8000030517578,96.11000061035156,1087.699951171875,168.10000610351562,52.220001220703125,44.560001373291016,46.81999969482422,229.0399932861328,147.6999969482422,227.6199951171875,79.41999816894531,123.70999908447266,13.451923370361328,66.30999755859375,70.27999877929688,114.04000091552734,75.98999786376953,110.63999938964844,108.19999694824219,70.66999816894531
2018-04-20,165.72000122070312,95.0,1072.9599609375,166.27999877929688,51.529998779296875,44.09000015258789,46.22999954223633,228.7100067138672,144.89999389648438,225.24000549316406,79.0,122.30999755859375,13.980769157409668,65.79000091552734,69.2300033569336,113.97000122070312,76.47000122070312,110.98999786376953,108.55000305175781,70.19999694824219
2018-04-23,165.24000549316406,95.3499984741211,1067.449951171875,165.83999633789062,51.099998474121094,44.25,45.79999923706055,223.8800048828125,145.86000061035156,225.3000030517578,79.56999969482422,123.58000183105469,13.961538314819336,65.4800033569336,68.91000366210938,114.83999633789062,77.23999786376953,111.44999694824219,109.26000213623047,69.9000015258789
2018-04-24,162.94000244140625,93.12000274658203,1019.97998046875,159.69000244140625,51.45000076293945,43.7400016784668,45.529998779296875,221.1999969482422,145.55999755859375,217.88999938964844,78.3499984741211,122.54000091552734,14.115385055541992,65.30999755859375,68.27999877929688,114.58999633789062,77.33999633789062,109.2300033569336,108.29000091552734,68.30000305175781
2018-04-25,163.64999389648438,92.30999755859375,1021.1799926757812,159.69000244140625,51.380001068115234,43.709999084472656,45.75,216.66000366210938,145.94000244140625,217.32000732421875,79.5,122.72000122070312,13.509614944458008,65.05999755859375,69.0999984741211,115.4000015258789,77.36000061035156,109.79000091552734,108.68000030517578,68.70999908447266
2018-04-26,164.22000122070312,94.26000213623047,1040.0400390625,174.16000366210938,53.04999923706055,44.209999084472656,45.959999084472656,225.22000122070312,146.72000122070312,221.91000366210938,80.86000061035156,124.22000122070312,13.826923370361328,66.97000122070312,69.47000122070312,117.62000274658203,77.5999984741211,112.5199966430664,111.54000091552734,67.48999786376953
2018-04-27,162.32000732421875,95.81999969482422,1030.050048828125,173.58999633789062,52.72999954223633,44.709999084472656,45.529998779296875,226.3300018310547,146.47999572753906,221.89999389648438,77.79000091552734,126.62000274658203,13.826923370361328,64.94999694824219,69.08000183105469,116.79000091552734,77.04000091552734,111.33999633789062,109.77999877929688,67.81999969482422
2018-04-30,165.25999450683594,93.5199966430664,1017.3300170898438,172.0,51.619998931884766,44.290000915527344,45.66999816894531,224.89999389648438,144.9600067138672,221.60000610351562,77.75,125.11000061035156,13.52884578704834,65.5,68.55999755859375,118.16999816894531,77.26000213623047,111.30999755859375,110.93000030517578,66.41000366210938
2018-05-01,169.10000610351562,95.0,1037.31005859375,173.86000061035156,53.33000183105469,44.83000183105469,45.95000076293945,227.13999938964844,145.0,224.0800018310547,76.94999694824219,124.86000061035156,13.509614944458008,65.70999908447266,68.4000015258789,117.55999755859375,76.58000183105469,111.8499984741211,110.72000122070312,68.9800033569336
2018-05-02,176.57000732421875,93.51000213623047,1024.3800048828125,176.07000732421875,52.310001373291016,43.86000061035156,45.5099983215332,226.30999755859375,142.4499969482422,221.10000610351562,76.80000305175781,125.48999786376953,13.634614944458008,65.44999694824219,68.66000366210938,116.6500015258789,76.83000183105469,114.5199966430664,112.25,67.5999984741211
2018-05-03,176.88999938964844,94.06999969482422,1023.719970703125,174.02000427246094,52.279998779296875,44.439998626708984,45.060001373291016,232.99000549316406,141.99000549316406,226.0500030517578,76.54000091552734,126.01000213623047,13.394230842590332,65.98999786376953,67.72000122070312,116.01000213623047,77.29000091552734,115.58999633789062,113.37000274658203,67.41999816894531
2018-05-04,183.8300018310547,95.16000366210938,1048.2099609375,176.61000061035156,52.779998779296875,45.29999923706055,45.709999084472656,239.05999755859375,143.91000366210938,228.50999450683594,76.9000015258789,125.52999877929688,13.557692527770996,66.86000061035156,68.79000091552734,114.66000366210938,77.70999908447266,115.61000061035156,113.38999938964844,68.41999816894531
2018-05-07,185.16000366210938,96.22000122070312,1054.7900390625,177.97000122070312,53.33000183105469,45.72999954223633,46.06999969482422,248.67999267578125,143.22000122070312,230.99000549316406,77.73999786376953,124.94000244140625,13.52884578704834,66.7699966430664,69.20999908447266,113.88999938964844,77.27999877929688,115.41000366210938,113.66999816894531,69.30000305175781
2018-05-08,186.0500030517578,95.80999755859375,1053.9100341796875,178.9199981689453,53.630001068115234,45.709999084472656,45.939998626708984,250.39999389648438,143.0,234.55999755859375,78.08999633789062,126.56999969482422,13.72115421295166,67.73999786376953,69.54000091552734,115.29000091552734,78.19999694824219,116.25,113.19000244140625,69.76000213623047
2018-05-09,187.36000061035156,96.94000244140625,1082.760009765625,182.66000366210938,54.34000015258789,46.040000915527344,46.58000183105469,255.77999877929688,142.61000061035156,239.74000549316406,79.93000030517578,128.72000122070312,14.057692527770996,68.69999694824219,70.87999725341797,117.79000091552734,82.4000015258789,117.5,114.81999969482422,71.93000030517578
2018-05-10,190.0399932861328,97.91000366210938,1097.5699462890625,185.52999877929688,54.97999954223633,46.29999923706055,46.93000030517578,260.1300048828125,144.24000549316406,241.14999389648438,81.72000122070312,128.82000732421875,14.125,69.33999633789062,71.12000274658203,118.94999694824219,83.86000061035156,117.95999908447266,114.48999786376953,71.97000122070312
2018-05-11,188.58999633789062,97.69999694824219,1098.260009765625,186.99000549316406,54.66999816894531,45.93000030517578,46.81999969482422,254.52999877929688,144.13999938964844,241.8800048828125,81.27999877929688,129.83999633789062,14.038461685180664,69.44000244140625,71.08000183105469,117.41000366210938,84.97000122070312,117.76000213623047,114.62999725341797,72.0
2018-05-14,188.14999389648438,98.02999877929688,1100.199951171875,186.63999938964844,54.900001525878906,45.70000076293945,46.81999969482422,255.36000061035156,144.3000030517578,238.3699951171875,81.83000183105469,130.38999938964844,14.144230842590332,69.58999633789062,71.5999984741211,118.68000030517578,84.88999938964844,118.29000091552734,115.87000274658203,72.16000366210938
2018-05-15,186.44000244140625,97.31999969482422,1079.22998046875,184.32000732421875,53.91999816894531,45.47999954223633,46.810001373291016,245.55999755859375,143.74000549316406,236.60000610351562,81.79000091552734,129.74000549316406,14.144230842590332,70.08999633789062,71.5999984741211,120.2300033569336,84.2699966430664,118.31999969482422,115.9000015258789,71.83000183105469
2018-05-16,188.17999267578125,97.1500015258789,1081.77001953125,183.1999969482422,54.63999938964844,45.15999984741211,46.72999954223633,246.00999450683594,144.6300048828125,237.38999938964844,82.0199966430664,129.55999755859375,14.451923370361328,69.8499984741211,73.11000061035156,121.5,84.26000213623047,118.16000366210938,114.98999786376953,71.94999694824219
2018-05-17,186.99000549316406,96.18000030517578,1078.5899658203125,183.75999450683594,54.810001373291016,43.459999084472656,46.540000915527344,247.7100067138672,144.5,236.85000610351562,81.87999725341797,129.4600067138672,14.451923370361328,70.66000366210938,74.43000030517578,126.1500015258789,86.16000366210938,121.87000274658203,119.70999908447266,72.97000122070312
2018-05-18,186.30999755859375,96.36000061035156,1066.3599853515625,182.67999267578125,53.5,43.209999084472656,46.31999969482422,245.94000244140625,144.0800018310547,238.08999633789062,81.30000305175781,127.86000061035156,14.394230842590332,69.55000305175781,74.29000091552734,125.79000091552734,85.41999816894531,120.33000183105469,120.55999755859375,73.13999938964844
2018-05-21,187.6300048828125,97.5999984741211,1079.5799560546875,184.49000549316406,54.31999969482422,43.75,47.209999084472656,244.24000549316406,145.49000549316406,238.10000610351562,82.27999877929688,129.3699951171875,14.673076629638672,70.66000366210938,75.02999877929688,127.44999694824219,85.79000091552734,121.44000244140625,122.05999755859375,74.08000183105469
2018-05-22,187.16000366210938,97.5,1069.72998046875,183.8000030517578,54.45000076293945,43.650001525878906,46.369998931884766,242.6999969482422,145.08999633789062,238.7899932861328,81.63999938964844,128.22999572753906,14.701923370361328,70.12999725341797,73.7300033569336,123.76000213623047,84.94999694824219,118.75,120.1500015258789,73.26000213623047
2018-05-23,188.36000061035156,98.66000366210938,1079.68994140625,186.89999389648438,55.209999084472656,43.68000030517578,46.900001525878906,247.5399932861328,144.6699981689453,243.91000366210938,82.1500015258789,128.6999969482422,13.634614944458008,69.12000274658203,73.44999694824219,122.9800033569336,85.33000183105469,118.94999694824219,121.05000305175781,73.01000213623047
2018-05-24,188.14999389648438,98.30999755859375,1079.239990234375,185.92999267578125,54.75,43.56999969482422,46.459999084472656,247.69000244140625,144.07000732421875,245.14999389648438,80.2699966430664,126.61000061035156,14.038461685180664,68.44999694824219,71.22000122070312,119.9800033569336,83.86000061035156,118.81999969482422,121.87999725341797,73.25
2018-05-25,188.5800018310547,98.36000061035156,1075.6600341796875,184.9199981689453,55.439998626708984,43.2599983215332,47.0,249.27999877929688,143.63999938964844,243.55999755859375,78.70999908447266,122.19000244140625,14.067307472229004,65.47000122070312,68.5999984741211,117.76000213623047,82.4000015258789,115.5999984741211,118.7300033569336,72.48999786376953
2018-05-29,187.89999389648438,98.01000213623047,1060.3199462890625,185.74000549316406,55.31999969482422,42.970001220703125,46.2599983215332,248.58999633789062,141.22000122070312,242.19000244140625,78.41999816894531,121.38999938964844,13.634614944458008,65.70999908447266,68.06999969482422,116.20999908447266,81.83000183105469,116.80999755859375,119.47000122070312,70.7699966430664
2018-05-30,187.5,98.94999694824219,1067.800048828125,187.6699981689453,55.68000030517578,42.849998474121094,47.04999923706055,252.99000549316406,142.6199951171875,247.39999389648438,81.5,125.16000366210938,13.625,68.05000305175781,69.4800033569336,119.76000213623047,84.06999969482422,119.18000030517578,122.20999908447266,71.6500015258789
2018-05-31,186.8699951171875,98.83999633789062,1084.989990234375,191.77999877929688,55.20000076293945,42.709999084472656,46.720001220703125,252.19000244140625,141.30999755859375,249.27999877929688,81.23999786376953,124.30000305175781,13.538461685180664,67.38999938964844,68.66999816894531,117.80999755859375,84.19999694824219,116.48999786376953,121.19999694824219,70.83999633789062
2018-06-01,190.24000549316406,100.79000091552734,1119.5,193.99000549316406,57.08000183105469,43.65999984741211,47.349998474121094,257.6199951171875,141.9499969482422,251.30999755859375,81.83000183105469,123.8499984741211,13.557692527770996,68.29000091552734,68.95999908447266,118.3499984741211,85.0999984741211,119.0,123.77999877929688,71.37000274658203
2018-06-04,191.8300018310547,101.66999816894531,1139.2900390625,193.27999877929688,56.83000183105469,43.58000183105469,47.31999969482422,264.8500061035156,143.0399932861328,253.33999633789062,80.97000122070312,122.26000213623047,13.182692527770996,67.9000015258789,69.06999969482422,118.66999816894531,85.36000061035156,119.19999694824219,124.44000244140625,71.51000213623047
2018-06-05,193.30999755859375,102.19000244140625,1139.6600341796875,192.94000244140625,56.529998779296875,43.66999816894531,47.130001068115234,265.07000732421875,143.6999969482422,252.6999969482422,80.68000030517578,122.7300033569336,13.269230842590332,67.55999755859375,68.45999908447266,116.58000183105469,85.51000213623047,118.83000183105469,123.33000183105469,72.66999816894531
2018-06-06,193.97999572753906,102.48999786376953,1136.8800048828125,191.33999633789062,57.029998779296875,44.2599983215332,47.75,265.1499938964844,144.7100067138672,253.9499969482422,82.05999755859375,123.37999725341797,13.115385055541992,67.87999725341797,68.88999938964844,116.13999938964844,86.45999908447266,116.6500015258789,121.19999694824219,73.29000091552734
2018-06-07,193.4600067138672,100.87999725341797,1123.8599853515625,188.17999267578125,55.880001068115234,43.650001525878906,47.68000030517578,262.8999938964844,145.36000061035156,247.50999450683594,82.87999725341797,126.95999908447266,13.25,69.4800033569336,69.5999984741211,117.93000030517578,86.4800033569336,117.44000244140625,121.48999786376953,73.37000274658203
2018-06-08,191.6999969482422,101.62999725341797,1120.8699951171875,189.10000610351562,55.04999923706055,43.47999954223633,48.18000030517578,262.2799987792969,146.13999938964844,251.2100067138672,83.5999984741211,126.44000244140625,13.394230842590332,69.43000030517578,69.43000030517578,117.66999816894531,85.47000122070312,116.83999633789062,119.72000122070312,73.1500015258789
2018-06-11,191.22999572753906,101.05000305175781,1129.989990234375,191.5399932861328,54.52000045776367,43.689998626708984,48.189998626708984,260.6199951171875,146.5800018310547,251.0,83.0999984741211,127.55999755859375,13.442307472229004,70.48999786376953,69.87000274658203,118.01000213623047,86.1500015258789,117.0199966430664,120.56999969482422,73.18000030517578
2018-06-12,192.27999877929688,101.30999755859375,1139.3199462890625,192.39999389648438,54.81999969482422,43.939998626708984,48.45000076293945,262.5799865722656,146.8699951171875,252.58999633789062,82.41999816894531,127.08000183105469,13.442307472229004,69.43000030517578,68.5999984741211,118.47000122070312,84.93000030517578,115.55000305175781,118.0199966430664,73.20999908447266
2018-06-13,190.6999969482422,100.8499984741211,1134.7900390625,192.41000366210938,55.029998779296875,44.0099983215332,48.27000045776367,262.3999938964844,146.35000610351562,256.1300048828125,81.51000213623047,127.06999969482422,13.355769157409668,69.62000274658203,67.97000122070312,118.25,84.33000183105469,115.75,117.87999725341797,72.77999877929688
2018-06-14,190.8000030517578,101.41999816894531,1152.1199951171875,196.80999755859375,55.540000915527344,44.689998626708984,45.900001525878906,266.9100036621094,145.1999969482422,258.1000061035156,81.88999938964844,126.51000213623047,13.115385055541992,68.12999725341797,68.33000183105469,117.52999877929688,84.3499984741211,115.55000305175781,116.81999969482422,72.9000015258789
2018-06-15,188.83999633789062,100.12999725341797,1152.260009765625,195.85000610351562,55.11000061035156,44.25,46.279998779296875,265.260009765625,145.38999938964844,251.82000732421875,80.66000366210938,124.04000091552734,12.788461685180664,65.36000061035156,66.83000183105469,114.18000030517578,83.33000183105469,114.30000305175781,115.18000030517578,72.27999877929688
2018-06-18,188.74000549316406,100.86000061035156,1173.4599609375,198.30999755859375,53.220001220703125,44.209999084472656,46.52000045776367,265.0899963378906,144.47999572753906,255.69000244140625,80.81999969482422,125.97000122070312,12.692307472229004,66.5999984741211,67.04000091552734,116.62000274658203,83.79000091552734,114.94000244140625,116.54000091552734,72.13999938964844
2018-06-19,185.69000244140625,100.86000061035156,1168.06005859375,197.49000549316406,52.93000030517578,43.81999969482422,46.27000045776367,260.1700134277344,143.89999389648438,251.74000549316406,80.69999694824219,125.54000091552734,12.451923370361328,66.26000213623047,65.69999694824219,117.08000183105469,82.58000183105469,114.58000183105469,116.62000274658203,70.55999755859375
2018-06-20,186.5,101.87000274658203,1169.8399658203125,202.0,53.459999084472656,43.7400016784668,42.81999969482422,262.30999755859375,142.6300048828125,251.24000549316406,80.44999694824219,125.29000091552734,12.384614944458008,67.47000122070312,65.55000305175781,119.43000030517578,83.23999786376953,114.58999633789062,115.7300033569336,70.38999938964844
2018-06-21,185.4600067138672,101.13999938964844,1157.6600341796875,201.5,52.189998626708984,43.15999984741211,43.099998474121094,257.1099853515625,141.25,248.8300018310547,79.69000244140625,122.58999633789062,12.269230842590332,65.11000061035156,64.79000091552734,116.5999984741211,82.08999633789062,111.44999694824219,111.22000122070312,69.19999694824219
2018-06-22,184.9199981689453,100.41000366210938,1155.47998046875,201.74000549316406,52.5,43.20000076293945,44.099998474121094,250.9499969482422,141.27999877929688,243.6300048828125,81.37999725341797,125.0999984741211,12.548076629638672,67.77999877929688,66.58000183105469,118.51000213623047,83.33000183105469,112.0199966430664,112.23999786376953,69.87000274658203
2018-06-25,182.1699981689453,98.38999938964844,1124.81005859375,196.35000610351562,50.709999084472656,42.290000915527344,44.279998779296875,239.1199951171875,138.7899932861328,239.67999267578125,79.73999786376953,122.61000061035156,12.259614944458008,66.13999938964844,65.43000030517578,116.83000183105469,81.3499984741211,110.44999694824219,109.26000213623047,69.1500015258789
2018-06-26,184.42999267578125,99.08000183105469,1118.4599609375,199.0,49.66999816894531,42.54999923706055,44.40999984741211,241.99000549316406,139.0800018310547,242.25,80.63999938964844,124.16000366210938,13.211538314819336,67.33999633789062,66.0199966430664,119.68000030517578,82.68000030517578,110.80999755859375,110.25,68.94999694824219
2018-06-27,184.16000366210938,97.54000091552734,1103.97998046875,195.83999633789062,48.7599983215332,42.33000183105469,43.45000076293945,235.72000122070312,137.47999572753906,237.67999267578125,81.70999908447266,126.0,13.423076629638672,68.73999786376953,66.80999755859375,123.93000030517578,83.7699966430664,110.70999908447266,109.5199966430664,68.55000305175781
2018-06-28,185.5,98.62999725341797,1114.219970703125,196.22999572753906,49.25,42.939998626708984,43.84000015258789,240.86000061035156,140.0399932861328,239.80999755859375,81.97000122070312,125.66000366210938,13.298076629638672,68.41000366210938,67.01000213623047,123.5,83.4000015258789,111.73999786376953,109.11000061035156,68.58999633789062
2018-06-29,185.11000061035156,98.61000061035156,1115.6500244140625,194.32000732421875,49.709999084472656,43.029998779296875,44.060001373291016,236.89999389648438,139.6999969482422,243.80999755859375,82.7300033569336,126.43000030517578,13.086538314819336,69.62000274658203,67.02999877929688,124.43000030517578,83.68000030517578,112.30999755859375,110.83000183105469,69.13999938964844
2018-07-02,187.17999267578125,100.01000213623047,1127.4599609375,197.36000061035156,50.20000076293945,42.810001373291016,44.95000076293945,242.24000549316406,139.86000061035156,243.25999450683594,81.76000213623047,124.25,12.855769157409668,68.58999633789062,65.20999908447266,122.4000015258789,82.5199966430664,110.61000061035156,109.2300033569336,69.44000244140625
2018-07-03,183.9199981689453,99.05000305175781,1102.8900146484375,192.72999572753906,49.470001220703125,42.66999816894531,44.720001220703125,236.83999633789062,139.57000732421875,242.00999450683594,82.23999786376953,124.7300033569336,12.855769157409668,69.55999755859375,65.83999633789062,122.43000030517578,83.86000061035156,110.51000213623047,108.16999816894531,68.7699966430664
2018-07-05,185.39999389648438,99.76000213623047,1124.27001953125,198.4499969482422,50.75,42.560001373291016,45.40999984741211,242.72999572753906,141.42999267578125,244.17999267578125,82.30999755859375,123.9800033569336,12.913461685180664,68.93000030517578,66.43000030517578,123.22000122070312,84.19000244140625,110.1500015258789,107.52999877929688,69.18000030517578
2018-07-06,187.97000122070312,101.16000366210938,1140.1700439453125,203.22999572753906,51.369998931884766,42.709999084472656,46.0,247.3300018310547,142.47999572753906,248.19000244140625,82.33000183105469,124.13999938964844,13.317307472229004,69.6500015258789,67.02999877929688,124.3499984741211,84.25,111.18000030517578,107.83000183105469,69.27999877929688
2018-07-09,190.5800018310547,101.8499984741211,1154.050048828125,204.74000549316406,51.86000061035156,42.66999816894531,46.72999954223633,249.25,144.38999938964844,249.77000427246094,82.9000015258789,125.98999786376953,13.413461685180664,71.0,68.33999633789062,126.12999725341797,85.25,112.58999633789062,109.2699966430664,70.83999633789062
2018-07-10,190.35000610351562,102.12000274658203,1152.8399658203125,203.5399932861328,52.15999984741211,42.86000061035156,46.9900016784668,253.25,144.7100067138672,248.6300048828125,83.66000366210938,127.58999633789062,13.625,71.73999786376953,69.48999786376953,126.97000122070312,85.69999694824219,113.19000244140625,108.62000274658203,70.98999786376953
2018-07-11,187.8800048828125,101.9800033569336,1153.9000244140625,202.5399932861328,51.20000076293945,42.56999969482422,47.63999938964844,247.52999877929688,144.94000244140625,248.1199951171875,82.58999633789062,123.5199966430664,13.451923370361328,70.05000305175781,68.33999633789062,124.66000366210938,83.93000030517578,110.66000366210938,106.36000061035156,69.06999969482422
2018-07-12,191.02999877929688,104.19000244140625,1183.47998046875,206.9199981689453,52.349998474121094,43.58000183105469,48.150001525878906,251.22999572753906,146.4499969482422,254.8699951171875,82.69000244140625,124.26000213623047,13.451923370361328,71.44999694824219,67.47000122070312,124.13999938964844,84.55999755859375,111.13999938964844,106.79000091552734,70.2300033569336
2018-07-13,191.3300018310547,105.43000030517578,1188.8199462890625,207.32000732421875,52.220001220703125,41.779998779296875,48.630001068115234,249.32000732421875,145.89999389648438,258.5899963378906,83.30999755859375,124.04000091552734,13.355769157409668,72.0,68.08000183105469,125.95999908447266,83.63999938964844,111.80999755859375,107.33999633789062,70.58000183105469
2018-07-16,190.91000366210938,104.91000366210938,1183.8599853515625,207.22999572753906,52.0099983215332,42.5,48.459999084472656,248.1999969482422,145.4600067138672,254.67999267578125,82.48999786376953,122.9800033569336,13.365385055541992,70.58000183105469,67.41999816894531,124.61000061035156,82.52999877929688,111.31999969482422,106.30000305175781,69.30999755859375
2018-07-17,191.4499969482422,105.94999694824219,1198.800048828125,209.99000549316406,51.75,42.34000015258789,48.900001525878906,253.69000244140625,143.49000549316406,258.30999755859375,82.30999755859375,121.91000366210938,13.163461685180664,70.27999877929688,66.73999786376953,124.31999969482422,82.69000244140625,111.05999755859375,106.08999633789062,69.4800033569336
2018-07-18,190.39999389648438,105.12000274658203,1195.8800048828125,209.36000061035156,51.720001220703125,42.209999084472656,48.63999938964844,251.6999969482422,144.52000427246094,259.7799987792969,82.22000122070312,121.52999877929688,13.22115421295166,70.3499984741211,67.05999755859375,123.58000183105469,82.95999908447266,110.9000015258789,106.6500015258789,69.69000244140625
2018-07-19,191.8800048828125,104.4000015258789,1186.9599609375,208.08999633789062,51.97999954223633,42.400001525878906,48.439998626708984,252.02999877929688,149.24000549316406,257.67999267578125,82.01000213623047,121.66999816894531,13.201923370361328,69.69000244140625,66.91999816894531,122.38999938964844,82.9800033569336,110.9000015258789,107.0,69.80000305175781
2018-07-20,191.44000244140625,106.2699966430664,1184.9100341796875,209.94000244140625,51.90999984741211,42.0099983215332,48.52000045776367,250.88999938964844,146.35000610351562,257.5400085449219,81.4000015258789,122.2699966430664,12.615385055541992,70.01000213623047,66.08999633789062,122.3499984741211,83.08000183105469,110.36000061035156,106.20999908447266,69.27999877929688
2018-07-23,191.61000061035156,107.97000122070312,1205.5,210.91000366210938,52.310001373291016,42.060001373291016,48.66999816894531,249.41000366210938,145.6999969482422,259.4700012207031,81.4000015258789,121.33000183105469,12.490385055541992,69.9800033569336,65.73999786376953,122.86000061035156,82.44999694824219,110.44000244140625,106.27999877929688,67.88999938964844
2018-07-24,193.0,107.66000366210938,1248.0799560546875,214.6699981689453,52.18000030517578,42.38999938964844,48.66999816894531,248.7100067138672,146.3800048828125,257.489990234375,83.01000213623047,123.8499984741211,12.615385055541992,70.8499984741211,65.5199966430664,125.62000274658203,83.45999908447266,111.22000122070312,107.2699966430664,68.87000274658203
2018-07-25,194.82000732421875,110.83000183105469,1263.699951171875,217.5,52.43000030517578,43.15999984741211,48.95000076293945,251.8699951171875,146.6199951171875,263.1700134277344,83.58999633789062,124.9000015258789,12.605769157409668,71.51000213623047,65.77999877929688,128.3800048828125,84.33000183105469,112.3499984741211,109.33000183105469,70.19999694824219
2018-07-26,194.2100067138672,109.62000274658203,1268.3299560546875,176.25999450683594,52.15999984741211,43.529998779296875,48.869998931884766,254.83999633789062,146.7100067138672,261.92999267578125,84.23999786376953,123.94999694824219,12.644230842590332,71.80000305175781,66.86000061035156,128.86000061035156,84.16000366210938,116.0,116.83000183105469,71.26000213623047
2018-07-27,190.97999572753906,107.68000030517578,1238.5,174.88999938964844,47.68000030517578,42.56999969482422,48.630001068115234,252.02000427246094,145.14999389648438,254.80999755859375,81.91999816894531,125.97000122070312,12.557692527770996,71.44999694824219,67.04000091552734,129.14999389648438,83.47000122070312,118.79000091552734,116.3499984741211,71.26000213623047
2018-07-30,189.91000366210938,105.37000274658203,1219.739990234375,171.05999755859375,47.689998626708984,42.16999816894531,47.72999954223633,244.1300048828125,145.49000549316406,242.32000732421875,81.73999786376953,127.83000183105469,12.65384578704834,72.2699966430664,67.58000183105469,129.89999389648438,83.30999755859375,122.1500015258789,117.26000213623047,70.52999877929688
2018-07-31,190.2899932861328,106.08000183105469,1217.260009765625,172.5800018310547,48.099998474121094,42.290000915527344,47.68000030517578,244.86000061035156,144.92999267578125,244.67999267578125,81.51000213623047,126.2699966430664,13.105769157409668,72.16999816894531,67.5199966430664,128.94000244140625,83.93000030517578,123.33999633789062,118.3499984741211,72.27999877929688
2018-08-01,201.5,106.27999877929688,1220.010009765625,171.64999389648438,48.810001373291016,41.86000061035156,47.349998474121094,246.47000122070312,143.5,248.00999450683594,80.38999938964844,125.38999938964844,12.730769157409668,71.80999755859375,66.66000366210938,125.56999969482422,82.63999938964844,123.01000213623047,116.77999877929688,71.30000305175781
2018-08-02,207.38999938964844,107.56999969482422,1226.1500244140625,176.3699951171875,49.47999954223633,42.529998779296875,47.900001525878906,250.6199951171875,142.9600067138672,252.22000122070312,79.91000366210938,123.76000213623047,12.663461685180664,71.55999755859375,65.94000244140625,125.93000030517578,82.23999786376953,122.05000305175781,115.33000183105469,71.27999877929688
2018-08-03,207.99000549316406,108.04000091552734,1223.7099609375,177.77999877929688,49.630001068115234,42.83000183105469,48.470001220703125,252.10000610351562,147.6999969482422,253.27999877929688,80.19999694824219,124.05000305175781,12.634614944458008,71.29000091552734,65.88999938964844,122.41000366210938,82.29000091552734,121.66000366210938,115.37999725341797,71.4800033569336
2018-08-06,209.07000732421875,108.12999725341797,1224.77001953125,185.69000244140625,49.29999923706055,43.29999923706055,48.66999816894531,254.02999877929688,146.02999877929688,254.11000061035156,80.18000030517578,124.30000305175781,12.59615421295166,71.7300033569336,65.73999786376953,123.9000015258789,82.30000305175781,122.54000091552734,114.88999938964844,71.62000274658203
2018-08-07,207.11000061035156,108.87999725341797,1242.219970703125,183.80999755859375,49.70000076293945,43.58000183105469,48.47999954223633,256.95001220703125,147.00999450683594,253.38999938964844,81.2699966430664,125.18000030517578,12.65384578704834,72.9000015258789,66.68000030517578,124.43000030517578,81.94000244140625,122.72000122070312,116.70999908447266,74.66000366210938
2018-08-08,207.25,109.48999786376953,1245.6099853515625,185.17999267578125,49.959999084472656,43.84000015258789,48.38999938964844,258.4200134277344,146.88999938964844,253.8300018310547,80.7300033569336,123.87999725341797,12.548076629638672,71.38999938964844,66.41000366210938,122.7699966430664,81.19999694824219,122.9800033569336,115.9000015258789,74.04000091552734
2018-08-09,208.8800048828125,109.66999816894531,1249.0999755859375,183.08999633789062,50.13999938964844,43.779998779296875,48.540000915527344,256.4599914550781,144.77000427246094,253.8000030517578,80.31999969482422,122.52999877929688,12.442307472229004,71.75,65.4000015258789,122.30999755859375,77.79000091552734,122.18000030517578,115.13999938964844,74.05000305175781
2018-08-10,207.52999877929688,109.0,1237.6099853515625,180.25999450683594,48.849998474121094,43.779998779296875,48.31999969482422,254.7899932861328,144.47999572753906,253.6999969482422,79.41999816894531,123.33999633789062,12.27884578704834,71.94000244140625,66.04000091552734,122.7699966430664,78.77999877929688,122.58999633789062,115.37000274658203,73.86000061035156
2018-08-13,208.8699951171875,108.20999908447266,1235.010009765625,180.0500030517578,48.45000076293945,43.75,48.0099983215332,256.1199951171875,142.7100067138672,253.5399932861328,78.55999755859375,122.44000244140625,11.97115421295166,71.06999969482422,64.97000122070312,121.5,78.13999938964844,121.56999969482422,114.79000091552734,73.44999694824219
2018-08-14,209.75,109.55999755859375,1242.0999755859375,181.11000061035156,48.119998931884766,44.0,48.22999954223633,261.42999267578125,143.36000061035156,256.04998779296875,78.30999755859375,122.58000183105469,11.875,72.1500015258789,64.80000305175781,123.06999969482422,79.66000366210938,120.94000244140625,115.05000305175781,74.23999786376953
2018-08-15,210.24000549316406,107.66000366210938,1214.3800048828125,179.52999877929688,47.459999084472656,43.86000061035156,47.84000015258789,259.0799865722656,143.91000366210938,250.52000427246094,76.94000244140625,117.94000244140625,11.75,67.81999969482422,62.290000915527344,115.44000244140625,76.93000030517578,115.37999725341797,111.5199966430664,73.55999755859375
2018-08-16,213.32000732421875,107.63999938964844,1206.489990234375,174.6999969482422,47.16999816894531,45.15999984741211,48.099998474121094,257.44000244140625,145.33999633789062,248.88999938964844,78.0,117.66000366210938,11.826923370361328,69.41000366210938,62.4900016784668,115.91000366210938,78.0199966430664,114.94000244140625,111.31999969482422,73.95999908447266
2018-08-17,217.5800018310547,107.58000183105469,1200.9599609375,173.8000030517578,47.099998474121094,45.869998931884766,48.36000061035156,244.82000732421875,146.05999755859375,245.6999969482422,78.26000213623047,117.80000305175781,11.826923370361328,69.7699966430664,62.83000183105469,114.7699966430664,78.55000305175781,115.44000244140625,111.0,74.86000061035156
2018-08-20,215.4600067138672,106.87000274658203,1207.77001953125,172.5,46.5,46.220001220703125,48.41999816894531,247.83999633789062,146.50999450683594,249.75999450683594,78.80999755859375,117.75,11.826923370361328,70.5199966430664,63.5,114.7699966430664,79.01000213623047,116.08000183105469,113.4000015258789,75.54000091552734
2018-08-21,215.0399932861328,105.9800033569336,1201.6199951171875,172.6199951171875,47.619998931884766,45.779998779296875,48.40999984741211,253.32000732421875,145.97000122070312,251.5,78.83000183105469,117.94000244140625,12.144230842590332,70.88999938964844,64.76000213623047,115.48999786376953,78.88999938964844,116.51000213623047,114.13999938964844,76.5999984741211
2018-08-22,215.0500030517578,107.05999755859375,1207.3299560546875,173.63999938964844,47.04999923706055,45.9900016784668,48.79999923706055,262.82000732421875,145.24000549316406,255.5399932861328,79.95999908447266,118.91999816894531,11.990385055541992,72.0,65.08999633789062,117.31999969482422,79.33000183105469,117.0199966430664,115.68000030517578,75.16000366210938
2018-08-23,215.49000549316406,107.55999755859375,1205.3800048828125,172.89999389648438,46.97999954223633,46.02000045776367,48.959999084472656,266.8399963378906,145.3699951171875,257.0,79.08000183105469,118.0999984741211,12.057692527770996,72.05000305175781,64.6500015258789,116.4000015258789,78.9800033569336,118.37000274658203,118.05999755859375,75.56999969482422
2018-08-24,216.16000366210938,108.4000015258789,1220.6500244140625,174.64999389648438,47.65999984741211,46.31999969482422,49.2599983215332,272.2200012207031,146.0399932861328,261.510009765625,79.62000274658203,119.01000213623047,12.019230842590332,72.61000061035156,65.25,117.45999908447266,79.33999633789062,119.25,120.55000305175781,75.66999816894531
2018-08-27,217.94000244140625,109.5999984741211,1241.8199462890625,177.4600067138672,48.349998474121094,46.59000015258789,49.33000183105469,275.8999938964844,146.69000244140625,262.3999938964844,80.4000015258789,120.3499984741211,12.27884578704834,72.83999633789062,64.8499984741211,118.6500015258789,80.20999908447266,120.02999877929688,121.20999908447266,76.6500015258789
2018-08-28,219.6999969482422,110.26000213623047,1231.1500244140625,176.25999450683594,48.56999969482422,46.95000076293945,48.63999938964844,274.3800048828125,146.58999633789062,263.0400085449219,80.27999877929688,119.86000061035156,12.269230842590332,72.05000305175781,64.06999969482422,117.97000122070312,80.11000061035156,119.75,120.38999938964844,76.52999877929688
2018-08-29,222.97999572753906,112.0199966430664,1249.300048828125,175.89999389648438,48.75,47.47999954223633,48.88999938964844,278.489990234375,147.5399932861328,268.3599853515625,80.86000061035156,120.22000122070312,12.47115421295166,73.54000091552734,64.48999786376953,118.77999877929688,80.2300033569336,120.44000244140625,120.61000061035156,76.80000305175781
2018-08-30,225.02999877929688,111.94999694824219,1239.1199951171875,177.63999938964844,48.2400016784668,47.150001525878906,48.380001068115234,277.80999755859375,145.92999267578125,266.42999267578125,80.51000213623047,119.80999755859375,12.27884578704834,73.55999755859375,64.33999633789062,118.91000366210938,80.12999725341797,119.55000305175781,119.05000305175781,76.36000061035156
2018-08-31,227.6300048828125,112.33000183105469,1218.18994140625,175.72999572753906,48.43000030517578,47.77000045776367,48.58000183105469,280.67999267578125,146.47999572753906,263.510009765625,80.16999816894531,118.45999908447266,12.442307472229004,73.43000030517578,63.15999984741211,118.2300033569336,79.87000274658203,118.51000213623047,117.87999725341797,76.7300033569336
2018-09-04,228.36000061035156,111.70999908447266,1197.0,171.16000366210938,47.959999084472656,47.72999954223633,48.58000183105469,283.70001220703125,145.67999267578125,266.67999267578125,80.29000091552734,118.87000274658203,12.182692527770996,73.11000061035156,61.91999816894531,117.68000030517578,79.2699966430664,118.95999908447266,120.23999786376953,76.4000015258789
2018-09-05,226.8699951171875,108.48999786376953,1186.47998046875,167.17999267578125,47.720001220703125,47.27000045776367,48.040000915527344,278.4200134277344,146.66000366210938,256.1400146484375,81.36000061035156,118.91999816894531,12.076923370361328,73.0,61.02000045776367,117.88999938964844,79.13999938964844,117.98999786376953,116.91000366210938,77.2699966430664
2018-09-06,223.10000610351562,108.73999786376953,1171.43994140625,162.52999877929688,47.2599983215332,47.279998779296875,47.709999084472656,272.7200012207031,146.38999938964844,259.75,80.45999908447266,115.2300033569336,12.02884578704834,70.54000091552734,60.209999084472656,115.5,77.56999969482422,116.69999694824219,116.06999969482422,76.20999908447266
2018-09-07,221.3000030517578,108.20999908447266,1164.8299560546875,163.0399932861328,46.45000076293945,47.04999923706055,47.810001373291016,271.8599853515625,145.4499969482422,260.8699951171875,81.83000183105469,114.5999984741211,11.923076629638672,70.22000122070312,59.70000076293945,114.47000122070312,76.6500015258789,114.30000305175781,115.08000183105469,75.79000091552734
2018-09-10,218.3300018310547,109.37999725341797,1164.6400146484375,164.17999267578125,46.29999923706055,47.06999969482422,48.86000061035156,274.7300109863281,145.64999389648438,265.3699951171875,81.70999908447266,114.4800033569336,12.02884578704834,71.1500015258789,59.97999954223633,114.31999969482422,76.87999725341797,113.94999694824219,115.25,76.2699966430664
2018-09-11,223.85000610351562,111.23999786376953,1177.3599853515625,165.94000244140625,44.93000030517578,47.029998779296875,48.91999816894531,272.79998779296875,146.49000549316406,267.0,82.86000061035156,115.0199966430664,11.855769157409668,71.47000122070312,60.31999969482422,116.22000122070312,77.12000274658203,112.55000305175781,115.0999984741211,76.22000122070312
2018-09-12,221.07000732421875,111.70999908447266,1162.8199462890625,162.0,44.93000030517578,46.88999938964844,49.34000015258789,268.20001220703125,146.57000732421875,267.7900085449219,83.12999725341797,115.79000091552734,12.125,71.97000122070312,60.81999969482422,116.94000244140625,75.73999786376953,112.16000366210938,116.30999755859375,77.11000061035156
2018-09-13,226.41000366210938,112.91000366210938,1175.3299560546875,161.36000061035156,45.56999969482422,47.2400016784668,48.959999084472656,271.3399963378906,148.9499969482422,268.5199890136719,82.31999969482422,116.30000305175781,12.22115421295166,72.55000305175781,61.02000045776367,116.62000274658203,76.63999938964844,113.0199966430664,116.83000183105469,77.75
2018-09-14,223.83999633789062,113.37000274658203,1172.530029296875,162.32000732421875,45.540000915527344,47.400001525878906,49.25,276.42999267578125,148.3300018310547,274.69000244140625,82.91999816894531,117.37999725341797,12.192307472229004,73.5,61.22999954223633,117.81999969482422,77.58000183105469,113.5999984741211,117.12999725341797,77.54000091552734
2018-09-17,217.8800048828125,112.13999938964844,1156.050048828125,160.5800018310547,45.41999816894531,47.11000061035156,49.18000030517578,273.92999267578125,147.94000244140625,268.25,83.41000366210938,117.51000213623047,12.211538314819336,74.23999786376953,60.970001220703125,117.54000091552734,77.5999984741211,112.80999755859375,115.45999908447266,77.7699966430664
2018-09-18,218.24000549316406,113.20999908447266,1161.219970703125,160.3000030517578,46.099998474121094,47.459999084472656,49.029998779296875,271.0199890136719,148.55999755859375,270.7900085449219,83.62999725341797,118.12999725341797,12.173076629638672,75.04000091552734,60.9900016784668,119.44999694824219,78.87999725341797,113.30000305175781,115.33000183105469,78.41000366210938
2018-09-19,218.3699951171875,111.69999694824219,1171.0899658203125,163.05999755859375,46.150001525878906,47.279998779296875,49.43000030517578,271.9800109863281,149.05999755859375,264.8800048828125,84.62999725341797,119.51000213623047,12.365385055541992,75.52999877929688,61.22999954223633,120.16999816894531,79.37999725341797,109.36000061035156,109.69999694824219,77.41000366210938
2018-09-20,220.02999877929688,113.56999969482422,1186.8699951171875,166.02000427246094,47.20000076293945,47.72999954223633,50.43000030517578,266.2799987792969,151.14999389648438,266.3399963378906,84.81999969482422,119.41999816894531,11.980769157409668,75.36000061035156,61.56999969482422,119.20999908447266,79.2300033569336,110.33000183105469,110.4800033569336,78.37999725341797
2018-09-21,217.66000366210938,114.26000213623047,1166.0899658203125,162.92999267578125,46.65999984741211,48.560001373291016,51.099998474121094,263.45001220703125,151.35000610351562,260.8800048828125,85.16999816894531,121.12999725341797,11.701923370361328,76.27999877929688,61.130001068115234,119.45999908447266,79.5999984741211,111.66000366210938,112.23999786376953,78.01000213623047
2018-09-24,220.7899932861328,114.66999816894531,1173.3699951171875,165.41000366210938,46.90999984741211,48.439998626708984,51.2400016784668,265.70001220703125,150.02999877929688,264.0899963378906,86.5999984741211,122.62000274658203,11.288461685180664,77.05999755859375,61.599998474121094,123.98999786376953,80.75,113.45999908447266,114.95999908447266,77.4800033569336
2018-09-25,222.19000244140625,114.44999694824219,1184.6500244140625,164.91000366210938,45.90999984741211,48.470001220703125,51.720001220703125,268.4100036621094,148.91000366210938,267.8399963378906,86.5,123.37000274658203,10.836538314819336,78.11000061035156,62.529998779296875,125.63999938964844,81.30999755859375,114.87999725341797,116.76000213623047,77.20999908447266
2018-09-26,220.4199981689453,113.9800033569336,1180.489990234375,166.9499969482422,45.70000076293945,48.40999984741211,51.630001068115234,266.9200134277344,151.61000061035156,268.4700012207031,85.77999877929688,121.94999694824219,10.951923370361328,77.27999877929688,60.880001068115234,125.30999755859375,81.01000213623047,113.88999938964844,116.5199966430664,76.6500015258789
2018-09-27,224.9499969482422,114.41000366210938,1194.6400146484375,168.83999633789062,45.880001068115234,48.33000183105469,51.689998626708984,267.3999938964844,151.5,269.9100036621094,85.7699966430664,122.47000122070312,11.086538314819336,77.5199966430664,61.16999816894531,127.0,81.16999816894531,112.87999725341797,115.29000091552734,76.79000091552734
2018-09-28,225.74000549316406,114.37000274658203,1193.469970703125,164.4600067138672,47.290000915527344,48.650001525878906,51.560001373291016,281.0199890136719,151.2100067138672,269.95001220703125,85.0199966430664,122.27999877929688,10.855769157409668,77.4000015258789,60.91999816894531,127.56999969482422,82.16999816894531,112.72000122070312,113.75,76.58000183105469
2018-10-01,227.25999450683594,115.61000061035156,1195.31005859375,162.44000244140625,46.45000076293945,48.869998931884766,51.79999923706055,289.3599853515625,153.0,275.489990234375,85.80999755859375,124.38999938964844,11.625,79.88999938964844,61.59000015258789,129.49000549316406,83.12999725341797,114.4800033569336,113.87999725341797,77.63999938964844
2018-10-02,229.27999877929688,115.1500015258789,1200.1099853515625,159.3300018310547,48.099998474121094,49.0099983215332,50.22999954223633,286.4800109863281,153.75,272.0,86.45999908447266,124.73999786376953,11.84615421295166,78.27999877929688,61.88999938964844,130.0,82.87000274658203,114.69000244140625,115.5199966430664,77.86000061035156
2018-10-03,232.07000732421875,115.16999816894531,1202.949951171875,162.42999267578125,48.7599983215332,49.13999938964844,49.75,286.7300109863281,153.22000122070312,270.510009765625,86.1500015258789,125.30999755859375,12.0,78.56999969482422,62.619998931884766,130.3800048828125,82.44999694824219,118.47000122070312,119.98999786376953,78.5199966430664
2018-10-04,227.99000549316406,112.79000091552734,1168.18994140625,158.85000610351562,48.130001068115234,48.380001068115234,49.470001220703125,279.2900085449219,151.30999755859375,263.7099914550781,85.58000183105469,124.94999694824219,12.173076629638672,78.27999877929688,62.849998474121094,130.22999572753906,82.18000030517578,117.69999694824219,117.22000122070312,78.16000366210938
2018-10-05,224.2899932861328,112.12999725341797,1157.3499755859375,157.3300018310547,47.029998779296875,48.130001068115234,49.349998474121094,269.8599853515625,149.02999877929688,263.2200012207031,85.33999633789062,125.33000183105469,12.673076629638672,78.38999938964844,63.0,131.0500030517578,81.4000015258789,118.37000274658203,117.11000061035156,78.05999755859375
2018-10-08,223.77000427246094,110.8499984741211,1148.969970703125,157.25,47.029998779296875,47.52000045776367,49.36000061035156,265.7699890136719,148.38999938964844,254.69000244140625,86.12999725341797,124.83999633789062,13.086538314819336,78.27999877929688,62.939998626708984,129.8300018310547,81.75,118.13999938964844,116.18000030517578,77.9000015258789
2018-10-09,226.8699951171875,112.26000213623047,1138.8199462890625,157.89999389648438,46.54999923706055,47.4900016784668,48.869998931884766,265.5400085449219,147.24000549316406,254.16000366210938,86.51000213623047,126.81999969482422,13.02884578704834,79.4000015258789,63.11000061035156,132.35000610351562,82.2300033569336,117.68000030517578,115.66000366210938,75.9800033569336
2018-10-10,216.36000061035156,106.16000366210938,1081.219970703125,151.3800048828125,44.79999923706055,45.630001068115234,47.400001525878906,245.69000244140625,142.69000244140625,237.91000366210938,84.5199966430664,122.5999984741211,12.769230842590332,75.08999633789062,60.81999969482422,126.47000122070312,77.91999816894531,113.05000305175781,110.83999633789062,73.3499984741211
2018-10-11,214.4499969482422,105.91000366210938,1079.3199462890625,153.35000610351562,44.22999954223633,44.119998931884766,46.779998779296875,235.1300048828125,139.02000427246094,238.58999633789062,81.5999984741211,118.43000030517578,12.230769157409668,72.79000091552734,59.119998931884766,121.62000274658203,76.52999877929688,109.45999908447266,106.88999938964844,71.19999694824219
2018-10-12,222.11000061035156,109.56999969482422,1110.0799560546875,153.74000549316406,44.880001068115234,45.709999084472656,47.380001068115234,246.5399932861328,140.85000610351562,248.8699951171875,81.37999725341797,117.7699966430664,11.84615421295166,73.83000183105469,59.33000183105469,122.18000030517578,76.95999908447266,109.45999908447266,108.25,71.91999816894531
2018-10-15,217.36000061035156,107.5999984741211,1092.25,153.52000427246094,44.529998779296875,44.66999816894531,47.119998931884766,235.3800048828125,141.1300048828125,238.00999450683594,80.81999969482422,116.94000244140625,11.682692527770996,73.2699966430664,59.54999923706055,122.56999969482422,72.23999786376953,107.20999908447266,103.79000091552734,71.41999816894531
2018-10-16,222.14999389648438,111.0,1121.280029296875,158.77999877929688,45.939998626708984,45.81999969482422,48.22999954223633,245.8300018310547,145.1199951171875,260.6700134277344,81.19999694824219,117.51000213623047,11.634614944458008,73.80000305175781,59.68000030517578,122.26000213623047,73.12000274658203,109.86000061035156,105.91000366210938,73.56999969482422
2018-10-17,221.19000244140625,110.70999908447266,1115.68994140625,159.4199981689453,45.88999938964844,45.939998626708984,47.86000061035156,243.05999755859375,134.0500030517578,258.9100036621094,81.5,117.29000091552734,11.72115421295166,72.4800033569336,59.2400016784668,120.13999938964844,72.91999816894531,108.77999877929688,103.73999786376953,74.0
2018-10-18,216.02000427246094,108.5,1087.969970703125,154.9199981689453,44.970001220703125,45.459999084472656,47.380001068115234,239.52999877929688,130.5500030517578,250.35000610351562,81.8499984741211,117.47000122070312,11.90384578704834,72.58999633789062,58.43000030517578,118.55000305175781,71.9000015258789,109.12000274658203,103.38999938964844,72.44000244140625
2018-10-19,219.30999755859375,108.66000366210938,1096.4599609375,154.0500030517578,44.0,45.34000015258789,47.59000015258789,229.1699981689453,129.10000610351562,245.02999877929688,81.97000122070312,118.13999938964844,12.076923370361328,72.48999786376953,58.470001220703125,117.66999816894531,72.18000030517578,102.7699966430664,92.76000213623047,72.2699966430664
2018-10-22,220.64999389648438,109.62999725341797,1101.1600341796875,154.77999877929688,45.0099983215332,45.7599983215332,47.939998626708984,231.22000122070312,130.02000427246094,251.05999755859375,81.1500015258789,117.20999908447266,11.90384578704834,72.05000305175781,56.810001373291016,116.25,72.29000091552734,103.1500015258789,92.8499984741211,71.72000122070312
2018-10-23,222.72999572753906,108.0999984741211,1103.68994140625,154.38999938964844,44.5,45.41999816894531,47.9900016784668,221.05999755859375,131.2100067138672,251.75999450683594,79.83999633789062,113.4000015258789,12.201923370361328,69.22000122070312,55.09000015258789,111.12000274658203,70.63999938964844,99.80000305175781,91.66000366210938,68.97000122070312
2018-10-24,215.08999633789062,102.31999969482422,1050.7099609375,146.0399932861328,42.41999816894531,44.06999969482422,46.7599983215332,199.41000366210938,127.20999908447266,238.44000244140625,77.62000274658203,110.20999908447266,11.701923370361328,65.69000244140625,53.0099983215332,106.13999938964844,68.2300033569336,95.30000305175781,86.69000244140625,66.01000213623047
2018-10-25,219.8000030517578,108.30000305175781,1095.5699462890625,150.9499969482422,44.310001373291016,45.470001220703125,47.959999084472656,207.83999633789062,126.44999694824219,252.9199981689453,78.30999755859375,111.58000183105469,11.34615421295166,68.0199966430664,53.29999923706055,107.12000274658203,68.6500015258789,98.48999786376953,87.37999725341797,67.0999984741211
2018-10-26,216.3000030517578,106.95999908447266,1071.469970703125,145.3699951171875,45.689998626708984,44.25,47.31999969482422,198.2899932861328,124.79000091552734,245.8000030517578,77.52999877929688,111.52999877929688,10.865385055541992,68.4800033569336,52.900001525878906,106.55999755859375,67.91000366210938,99.44999694824219,85.79000091552734,66.25
2018-10-29,212.24000549316406,103.8499984741211,1020.0800170898438,142.08999633789062,45.400001525878906,43.84000015258789,47.02000045776367,185.6199951171875,119.63999938964844,239.75,77.05000305175781,108.93000030517578,10.730769157409668,67.3499984741211,51.45000076293945,102.04000091552734,66.45999908447266,98.5199966430664,87.37999725341797,66.33000183105469
2018-10-30,213.3000030517578,103.7300033569336,1036.2099609375,146.22000122070312,47.7599983215332,44.58000183105469,48.56999969482422,203.0,115.4000015258789,238.41000366210938,78.77999877929688,110.8499984741211,9.788461685180664,69.5199966430664,52.31999969482422,105.51000213623047,67.55000305175781,102.05999755859375,90.0999984741211,67.80999755859375
2018-10-31,218.86000061035156,106.80999755859375,1076.77001953125,151.7899932861328,46.880001068115234,45.75,48.84000015258789,210.8300018310547,115.43000030517578,245.75999450683594,79.68000030517578,111.6500015258789,9.711538314819336,69.9000015258789,51.310001373291016,105.33999633789062,67.06999969482422,102.81999969482422,91.08999633789062,67.87999725341797
2018-11-01,222.22000122070312,105.91999816894531,1070.0,151.75,48.220001220703125,45.650001525878906,48.59000015258789,218.11000061035156,116.83000183105469,245.27999877929688,80.66999816894531,111.16999816894531,9.211538314819336,69.58000183105469,51.65999984741211,106.88999938964844,68.3499984741211,102.5,92.51000213623047,69.94999694824219
2018-11-02,207.47999572753906,106.16000366210938,1057.7900390625,150.35000610351562,47.11000061035156,45.47999954223633,48.83000183105469,214.9199981689453,115.66999816894531,239.63999938964844,81.94999694824219,114.7300033569336,8.932692527770996,67.83999633789062,51.400001525878906,102.3499984741211,68.30999755859375,99.01000213623047,91.83000183105469,69.62000274658203
2018-11-05,201.58999633789062,107.51000213623047,1040.0899658203125,148.67999267578125,47.970001220703125,46.13999938964844,49.02000045776367,211.77000427246094,120.05999755859375,239.88999938964844,81.63999938964844,118.94000244140625,8.923076629638672,69.02999877929688,51.959999084472656,106.3499984741211,69.94999694824219,100.5199966430664,91.1500015258789,70.3499984741211
2018-11-06,203.77000427246094,107.72000122070312,1055.81005859375,149.94000244140625,47.25,46.5,49.25,211.05999755859375,123.12000274658203,240.55999755859375,81.98999786376953,118.9000015258789,9.057692527770996,69.5,52.08000183105469,107.33000183105469,73.33999633789062,100.87999725341797,91.27999877929688,70.52999877929688
2018-11-07,209.9499969482422,111.95999908447266,1093.3900146484375,151.52999877929688,48.720001220703125,47.900001525878906,50.2599983215332,213.7899932861328,124.83999633789062,253.42999267578125,83.02999877929688,120.87000274658203,8.84615421295166,70.02999877929688,52.31999969482422,109.1500015258789,73.72000122070312,103.12000274658203,92.58999633789062,69.87000274658203
2018-11-08,208.49000549316406,111.75,1082.4000244140625,147.8699951171875,48.9900016784668,48.439998626708984,50.43000030517578,205.99000549316406,123.37999725341797,249.9600067138672,81.70999908447266,119.36000061035156,8.75,66.91000366210938,51.58000183105469,104.8499984741211,72.62999725341797,98.66999816894531,88.69999694824219,69.76000213623047
2018-11-09,204.47000122070312,109.56999969482422,1066.1500244140625,144.9600067138672,48.11000061035156,47.11000061035156,50.61000061035156,205.6699981689453,123.54000091552734,244.83999633789062,80.87000274658203,119.51000213623047,8.25,66.7300033569336,50.400001525878906,105.51000213623047,73.55000305175781,99.73999786376953,87.58000183105469,68.48999786376953
2018-11-12,194.1699981689453,106.87000274658203,1038.6300048828125,141.5500030517578,46.650001525878906,45.619998931884766,49.220001220703125,189.5399932861328,120.9000015258789,236.6699981689453,79.83000183105469,117.38999938964844,7.682692527770996,65.13999938964844,49.45000076293945,101.25,72.16000366210938,97.66999816894531,85.97000122070312,67.01000213623047
2018-11-13,192.22999572753906,106.94000244140625,1036.050048828125,142.16000366210938,47.38999938964844,45.119998931884766,49.5099983215332,199.30999755859375,120.83999633789062,238.74000549316406,78.0,115.3499984741211,8.27884578704834,63.720001220703125,47.34000015258789,98.5199966430664,70.77999877929688,94.80000305175781,83.56999969482422,66.76000213623047
2018-11-14,186.8000030517578,104.97000122070312,1043.6600341796875,144.22000122070312,47.09000015258789,44.33000183105469,48.84000015258789,197.19000244140625,120.19999694824219,235.22000122070312,77.38999938964844,115.72000122070312,8.0,64.12000274658203,47.810001373291016,98.06999969482422,70.94999694824219,95.5999984741211,82.33999633789062,67.4000015258789
2018-11-15,191.41000366210938,107.27999877929688,1064.7099609375,143.85000610351562,48.11000061035156,46.77000045776367,50.630001068115234,202.38999938964844,121.44000244140625,239.9499969482422,78.19000244140625,116.94999694824219,7.855769157409668,65.20999908447266,48.08000183105469,101.58999633789062,72.58999633789062,96.2300033569336,83.2699966430664,68.80999755859375
2018-11-16,193.52999877929688,108.29000091552734,1061.489990234375,139.52999877929688,48.83000183105469,46.349998474121094,51.16999816894531,164.42999267578125,121.56999969482422,238.88999938964844,78.95999908447266,119.05999755859375,7.711538314819336,66.12000274658203,48.220001220703125,105.19999694824219,73.37999725341797,96.61000061035156,83.94999694824219,69.62000274658203
2018-11-19,185.86000061035156,104.62000274658203,1020.0,131.5500030517578,48.0,45.75,49.54999923706055,144.6999969482422,120.30999755859375,219.69000244140625,79.22000122070312,119.41999816894531,7.538461685180664,66.44000244140625,48.310001373291016,105.70999908447266,73.36000061035156,94.9000015258789,80.69000244140625,68.45999908447266
2018-11-20,176.97999572753906,101.70999908447266,1025.760009765625,132.42999267578125,47.38999938964844,44.4900016784668,48.33000183105469,149.0800018310547,117.19999694824219,219.72999572753906,76.97000122070312,116.0999984741211,7.355769157409668,63.9900016784668,46.900001525878906,102.36000061035156,70.30000305175781,92.54000091552734,78.61000061035156,67.11000061035156
2018-11-21,176.77999877929688,103.11000061035156,1037.6099853515625,134.82000732421875,47.029998779296875,44.88999938964844,48.619998931884766,144.7100067138672,118.56999969482422,225.97999572753906,77.55999755859375,117.56999969482422,7.509615421295166,65.4800033569336,47.63999938964844,106.0,72.08000183105469,93.6500015258789,79.19999694824219,67.27999877929688
2018-11-23,172.2899932861328,103.06999969482422,1023.8800048828125,131.72999572753906,46.540000915527344,44.540000915527344,48.70000076293945,145.0,117.19000244140625,225.55999755859375,75.48999786376953,113.5999984741211,7.278846263885498,63.79999923706055,46.369998931884766,100.69999694824219,69.83000183105469,89.0,77.02999877929688,65.80999755859375
2018-11-26,174.6199951171875,106.47000122070312,1048.6199951171875,136.3800048828125,47.45000076293945,45.56999969482422,48.2599983215332,153.0500030517578,119.55999755859375,231.9600067138672,76.9800033569336,114.9800033569336,7.288461685180664,64.69999694824219,46.630001068115234,102.54000091552734,70.63999938964844,92.06999969482422,78.77999877929688,66.62000274658203
2018-11-27,174.24000549316406,107.13999938964844,1044.4100341796875,135.0,48.06999969482422,46.119998931884766,47.439998626708984,153.72999572753906,120.02999877929688,232.25,77.05000305175781,115.20999908447266,7.153846263885498,65.27999877929688,46.20000076293945,101.94999694824219,69.37999725341797,91.26000213623047,77.43000030517578,66.75
2018-11-28,180.94000244140625,111.12000274658203,1086.22998046875,136.75999450683594,48.86000061035156,47.290000915527344,48.189998626708984,160.07000732421875,123.0,249.2100067138672,78.44999694824219,118.13999938964844,7.442307472229004,66.3499984741211,46.40999984741211,103.7699966430664,70.70999908447266,92.62999725341797,79.41999816894531,68.06999969482422
2018-11-29,179.5500030517578,110.19000244140625,1088.300048828125,138.67999267578125,47.70000076293945,47.34000015258789,47.900001525878906,157.36000061035156,121.4800033569336,249.08999633789062,79.05999755859375,118.8499984741211,7.634615421295166,66.87000274658203,45.900001525878906,105.47000122070312,70.91000366210938,92.68000030517578,79.47000122070312,67.33000183105469
2018-11-30,178.5800018310547,110.88999938964844,1094.4300537109375,140.61000061035156,49.310001373291016,47.869998931884766,48.7599983215332,163.42999267578125,124.2699966430664,250.88999938964844,79.5,118.94000244140625,7.211538314819336,66.18000030517578,45.099998474121094,103.30999755859375,70.2699966430664,93.5199966430664,79.9000015258789,67.5199966430664
2018-12-03,184.82000732421875,112.08999633789062,1106.4300537109375,141.08999633789062,50.130001068115234,48.7400016784668,49.83000183105469,170.0399932861328,125.30999755859375,255.25999450683594,81.22000122070312,120.66999816894531,7.509615421295166,69.11000061035156,46.29999923706055,108.11000061035156,71.31999969482422,92.08999633789062,81.30000305175781,68.86000061035156
2018-12-04,176.69000244140625,108.5199966430664,1050.8199462890625,137.92999267578125,47.75,47.349998474121094,48.75,157.11000061035156,121.5999984741211,245.82000732421875,79.43000030517578,117.23999786376953,7.0,66.91999816894531,44.119998931884766,104.06999969482422,69.66999816894531,91.4000015258789,79.51000213623047,65.6500015258789
2018-12-06,174.72000122070312,109.19000244140625,1068.72998046875,139.6300048828125,48.369998931884766,48.38999938964844,46.68000030517578,158.2899932861328,123.91000366210938,250.6300048828125,78.38999938964844,115.91000366210938,7.067307472229004,66.61000061035156,42.31999969482422,102.12999725341797,67.5199966430664,92.5999984741211,78.83999633789062,63.790000915527344
2018-12-07,168.49000549316406,104.81999969482422,1036.5799560546875,137.4199981689453,46.2400016784668,46.439998626708984,46.0,147.61000061035156,119.33999633789062,238.0,77.63999938964844,115.48999786376953,6.740384578704834,65.91000366210938,43.040000915527344,103.61000061035156,66.54000091552734,90.3499984741211,75.98999786376953,62.95000076293945
2018-12-10,169.60000610351562,107.58999633789062,1039.550048828125,141.85000610351562,47.209999084472656,46.86000061035156,46.66999816894531,151.86000061035156,121.12999725341797,244.08999633789062,76.54000091552734,114.94000244140625,6.663461685180664,65.19999694824219,41.970001220703125,101.70999908447266,64.44000244140625,88.83999633789062,73.37999725341797,62.54999923706055
2018-12-11,168.6300048828125,108.58999633789062,1051.75,142.0800018310547,47.380001068115234,47.09000015258789,46.459999084472656,148.19000244140625,120.88999938964844,245.33999633789062,76.68000030517578,115.47000122070312,6.5,65.44000244140625,41.2400016784668,102.06999969482422,64.69999694824219,88.41999816894531,73.2699966430664,62.279998779296875
2018-12-12,169.10000610351562,109.08000183105469,1063.6800537109375,144.5,47.83000183105469,47.41999816894531,47.31999969482422,148.89999389648438,121.16000366210938,245.5500030517578,76.0199966430664,115.62000274658203,6.45192289352417,65.2699966430664,41.439998626708984,103.93000030517578,65.41000366210938,89.25,73.63999938964844,61.08000183105469
2018-12-13,170.9499969482422,109.44999694824219,1061.9000244140625,145.00999450683594,48.290000915527344,47.470001220703125,47.22999954223633,148.88999938964844,120.7300033569336,248.0800018310547,76.9800033569336,115.94000244140625,6.92307710647583,66.12999725341797,41.02000045776367,102.83000183105469,66.68000030517578,88.83000183105469,73.45999908447266,60.72999954223633
2018-12-14,165.47999572753906,106.02999877929688,1042.0999755859375,144.05999755859375,47.86000061035156,45.81999969482422,46.599998474121094,146.4499969482422,119.9000015258789,230.0,75.58000183105469,113.83000183105469,6.82692289352417,64.55000305175781,39.099998474121094,100.08000183105469,65.0999984741211,86.83000183105469,73.30000305175781,60.439998626708984
2018-12-17,163.94000244140625,102.88999938964844,1016.530029296875,140.19000244140625,47.08000183105469,44.20000076293945,45.72999954223633,143.5800018310547,116.0999984741211,221.3800048828125,74.04000091552734,112.44999694824219,6.875,63.119998931884766,39.04999923706055,96.20999908447266,64.11000061035156,85.86000061035156,72.58000183105469,58.720001220703125
2018-12-18,166.07000732421875,103.97000122070312,1028.7099609375,143.66000366210938,47.7400016784668,44.060001373291016,45.849998474121094,146.94000244140625,116.6500015258789,226.17999267578125,72.0,109.73999786376953,7.0,61.90999984741211,37.84000015258789,94.01000213623047,63.13999938964844,84.7300033569336,71.05999755859375,58.4900016784668
2018-12-19,160.88999938964844,103.69000244140625,1023.010009765625,133.24000549316406,45.56999969482422,43.13999938964844,46.45000076293945,138.50999450683594,116.43000030517578,224.64999389648438,70.77999877929688,107.83000183105469,7.365384578704834,61.279998779296875,37.790000915527344,92.9800033569336,62.2400016784668,85.16000366210938,70.9800033569336,57.68000030517578
2018-12-20,156.8300018310547,101.51000213623047,1009.4099731445312,133.39999389648438,45.540000915527344,42.4900016784668,46.2400016784668,135.10000610351562,113.0199966430664,218.64999389648438,68.62999725341797,104.9800033569336,7.153846263885498,60.0,36.20000076293945,89.73999786376953,60.630001068115234,82.77999877929688,70.61000061035156,56.70000076293945
2018-12-21,150.72999572753906,98.2300033569336,979.5399780273438,124.94999694824219,44.84000015258789,41.849998474121094,44.0,129.57000732421875,110.94000244140625,208.8000030517578,68.12000274658203,104.20999908447266,6.875,59.79999923706055,35.70000076293945,87.26000213623047,59.97999954223633,82.37999725341797,71.63999938964844,56.869998931884766
2018-12-24,146.8300018310547,94.12999725341797,976.219970703125,124.05999755859375,43.59000015258789,40.279998779296875,42.689998626708984,127.08000183105469,107.56999969482422,205.16000366210938,65.51000213623047,100.98999786376953,6.653846263885498,57.0099983215332,35.189998626708984,82.86000061035156,57.11000061035156,78.5,68.94000244140625,55.4900016784668
2018-12-26,157.1699981689453,100.55999755859375,1039.4599609375,134.17999267578125,46.189998626708984,42.470001220703125,44.59000015258789,133.10000610351562,111.38999938964844,222.9499969482422,68.63999938964844,107.38999938964844,7.105769157409668,61.5,36.61000061035156,88.98999786376953,60.599998474121094,84.19999694824219,73.30999755859375,58.470001220703125
2018-12-27,156.14999389648438,101.18000030517578,1043.8800048828125,134.52000427246094,46.36000061035156,42.90999984741211,44.970001220703125,131.1699981689453,113.77999877929688,225.13999938964844,68.94000244140625,109.31999969482422,6.990384578704834,62.22999954223633,36.33000183105469,88.79000091552734,60.7599983215332,85.81999969482422,74.62999725341797,59.33000183105469
2018-12-28,156.22999572753906,100.38999938964844,1037.0799560546875,133.1999969482422,46.75,42.77000045776367,44.81999969482422,133.64999389648438,113.02999877929688,223.1300048828125,68.16999816894531,108.6500015258789,7.221153736114502,61.66999816894531,36.599998474121094,87.5199966430664,60.470001220703125,84.95999908447266,73.4800033569336,59.130001068115234
2018-12-31,157.74000549316406,101.56999969482422,1035.6099853515625,131.08999633789062,46.93000030517578,43.33000183105469,45.150001525878906,133.5,113.66999816894531,226.24000549316406,68.19000244140625,108.79000091552734,7.278846263885498,62.349998474121094,36.08000183105469,87.20999908447266,61.380001068115234,86.1500015258789,74.97000122070312,59.75
